vendor,tool_name,query,result_index,api_name,title,score,table_markdown,retrieved_at
gildata,FinQuery,申万基础化工行业成分股,1,指数成分股,,,"|指数代码|指数简称|股票代码|股票简称|权重(%)|收盘价(元)|涨跌(元)|涨跌幅(%)|指数贡献点|成交量(万股)|成交额(万元)|总股本(亿股)|总市值(亿元)|自由流通股本(亿股)|自由流通市值(亿元)|证监会行业|纳入日期|
|---|---|---|---|---|---|---|---|---|---|---|---|---|---|---|---|---|
|801030.SI|申万基础化工Ⅰ|688722.SH|同益中|-|13.86|-0.41|-2.87|-|231.67|3214.37|2.24|31.06|0.96|13.31|化学纤维制造业|2023-09-25|
|801030.SI|申万基础化工Ⅰ|688718.SH|唯赛勃|-|13.42|-0.15|-1.11|-|178.26|2360.86|1.74|23.32|0.61|8.24|专用设备制造业|2023-09-25|
|801030.SI|申万基础化工Ⅰ|688716.SH|中研股份|-|25.62|-0.64|-2.44|-|241.09|6105.30|1.22|31.17|0.65|16.76|化学原料和化学制品制造业|2023-09-27|
|801030.SI|申万基础化工Ⅰ|688669.SH|聚石化学|-|67.23|-3.81|-5.36|-|288.14|19216.32|1.21|81.57|0.65|43.81|橡胶和塑料制品业|2023-09-25|
|801030.SI|申万基础化工Ⅰ|688659.SH|元琛科技|-|9.19|-0.40|-4.17|-|402.42|3680.14|1.60|14.70|0.78|7.21|化学原料和化学制品制造业|2023-09-25|
|801030.SI|申万基础化工Ⅰ|688639.SH|华恒生物|-|16.62|-0.71|-4.10|-|541.77|9052.00|2.50|41.57|1.67|27.77|化学原料和化学制品制造业|2023-09-25|
|801030.SI|申万基础化工Ⅰ|688625.SH|呈和科技|-|57.45|-1.08|-1.85|-|584.07|33286.36|2.60|149.18|0.97|55.50|化学原料和化学制品制造业|2023-09-25|
|801030.SI|申万基础化工Ⅰ|688602.SH|康鹏科技|-|6.77|-0.03|-0.44|-|405.53|2720.76|5.19|35.16|2.60|17.57|化学原料和化学制品制造业|2025-04-28|
|801030.SI|申万基础化工Ⅰ|688598.SH|金博股份|-|31.36|-1.16|-3.57|-|1018.78|31683.80|2.08|65.09|1.77|55.52|非金属矿物制品业|2026-07-02|
|801030.SI|申万基础化工Ⅰ|688585.SH|上纬新材|-|140.28|0.32|0.23|-|227.96|31405.89|4.03|565.84|0.66|92.67|化学原料和化学制品制造业|2023-09-25|
|801030.SI|申万基础化工Ⅰ|688571.SH|杭华股份|-|7.86|-0.26|-3.20|-|488.15|3831.52|4.24|33.34|1.69|13.29|化学原料和化学制品制造业|2023-09-25|
|801030.SI|申万基础化工Ⅰ|688398.SH|赛特新材|-|20.27|-0.07|-0.34|-|122.83|2488.01|1.68|34.02|0.93|18.82|非金属矿物制品业|2023-09-25|
|801030.SI|申万基础化工Ⅰ|688386.SH|泛亚微透|-|44.89|-2.27|-4.81|-|276.64|12460.14|1.00|44.71|0.70|31.46|橡胶和塑料制品业|2023-09-25|
|801030.SI|申万基础化工Ⅰ|688357.SH|建龙微纳|-|24.96|-0.43|-1.69|-|55.25|1374.15|1.00|24.97|0.63|15.75|化学原料和化学制品制造业|2023-09-25|
|801030.SI|申万基础化工Ⅰ|688350.SH|富淼科技|-|29.04|0.14|0.48|-|213.70|6079.67|1.43|41.60|0.88|25.67|化学原料和化学制品制造业|2023-09-25|
|801030.SI|申万基础化工Ⅰ|688323.SH|瑞华泰|-|25.02|-0.31|-1.22|-|906.31|22327.47|2.00|50.14|1.17|29.35|橡胶和塑料制品业|2023-09-25|
|801030.SI|申万基础化工Ⅰ|688300.SH|联瑞新材|-|178.69|-4.68|-2.55|-|1558.48|276376.84|2.41|431.48|0.91|163.30|计算机、通信和其他电子设备制造业|2023-09-25|
|801030.SI|申万基础化工Ⅰ|688295.SH|中复神鹰|-|37.44|-0.54|-1.42|-|444.46|16512.66|9.00|336.96|1.28|47.85|化学纤维制造业|2023-09-25|
|801030.SI|申万基础化工Ⅰ|688269.SH|凯立新材|-|26.12|-0.41|-1.55|-|155.00|4000.66|1.31|34.14|0.96|24.98|化学原料和化学制品制造业|2023-09-25|
|801030.SI|申万基础化工Ⅰ|688267.SH|中触媒|-|19.93|0.30|1.53|-|377.86|7389.59|2.28|45.47|1.26|25.18|化学原料和化学制品制造业|2023-09-25|
|801030.SI|申万基础化工Ⅰ|688219.SH|会通股份|-|10.07|-0.17|-1.66|-|472.72|4768.67|5.49|55.25|3.21|32.35|橡胶和塑料制品业|2023-09-25|
|801030.SI|申万基础化工Ⅰ|688203.SH|海正生材|-|14.01|-0.62|-4.24|-|662.41|9288.83|2.03|28.40|1.00|14.01|化学纤维制造业|2023-09-25|
|801030.SI|申万基础化工Ⅰ|688199.SH|久日新材|-|22.60|-0.49|-2.12|-|391.16|8815.03|1.61|36.44|1.26|28.41|化学原料和化学制品制造业|2023-09-25|
|801030.SI|申万基础化工Ⅰ|688196.SH|卓越新能|-|35.70|-0.66|-1.82|-|339.86|12419.66|1.27|45.41|0.41|14.64|废弃资源综合利用业|2023-09-25|
|801030.SI|申万基础化工Ⅰ|688179.SH|阿拉丁|-|18.57|-0.38|-2.01|-|672.40|12332.22|3.63|67.37|2.17|40.27|研究和试验发展|2023-09-25|
|801030.SI|申万基础化工Ⅰ|688157.SH|松井股份|-|18.21|-0.33|-1.78|-|287.90|5183.46|1.88|34.18|0.88|16.00|化学原料和化学制品制造业|2023-09-25|
|801030.SI|申万基础化工Ⅰ|688133.SH|泰坦科技|-|19.43|-0.90|-4.43|-|570.84|11093.83|1.64|31.95|1.11|21.64|研究和试验发展|2023-09-25|
|801030.SI|申万基础化工Ⅰ|688129.SH|东来技术|-|20.60|-0.40|-1.90|-|120.62|2465.86|1.20|24.82|0.42|8.63|化学原料和化学制品制造业|2023-09-25|
|801030.SI|申万基础化工Ⅰ|688089.SH|ST嘉必优|-|8.59|-0.23|-2.61|-|203.49|1766.21|1.66|14.29|0.87|7.49|食品制造业|2023-09-25|
|801030.SI|申万基础化工Ⅰ|688065.SH|凯赛生物|-|39.86|0.26|0.66|-|1203.89|47713.02|7.21|287.51|3.11|124.15|化学纤维制造业|2023-09-25|
|801030.SI|申万基础化工Ⅰ|605589.SH|圣泉集团|-|38.06|-0.46|-1.19|-|2199.01|82695.82|8.46|322.13|6.24|237.53|化学原料和化学制品制造业|2021-08-17|
|801030.SI|申万基础化工Ⅰ|605566.SH|福莱蒽特|-|25.73|-0.94|-3.52|-|343.05|8781.25|1.33|34.31|0.58|15.04|化学原料和化学制品制造业|2021-11-01|
|801030.SI|申万基础化工Ⅰ|605488.SH|福莱新材|-|27.85|-1.03|-3.57|-|556.07|15474.06|3.00|83.55|1.45|40.36|橡胶和塑料制品业|2021-05-20|
|801030.SI|申万基础化工Ⅰ|605399.SH|晨光新材|-|11.18|-0.28|-2.44|-|264.20|2947.39|3.11|34.81|1.08|12.13|化学原料和化学制品制造业|2020-08-11|
|801030.SI|申万基础化工Ⅰ|605366.SH|宏柏新材|-|8.06|0.01|0.12|-|1932.13|15295.12|7.73|62.29|4.25|34.26|化学原料和化学制品制造业|2020-08-19|
|801030.SI|申万基础化工Ⅰ|605183.SH|确成股份|-|15.86|0.10|0.63|-|302.46|4734.96|4.15|65.85|1.33|21.15|化学原料和化学制品制造业|2020-12-14|
|801030.SI|申万基础化工Ⅰ|605166.SH|聚合顺|-|8.34|-0.25|-2.91|-|480.25|4011.89|3.15|26.25|2.08|17.34|化学原料和化学制品制造业|2020-06-29|
|801030.SI|申万基础化工Ⅰ|605086.SH|龙高股份|-|23.02|-0.77|-3.24|-|127.58|2940.89|1.79|41.25|0.26|5.88|非金属矿采选业|2021-12-13|
|801030.SI|申万基础化工Ⅰ|605077.SH|华康股份|-|12.25|-0.58|-4.52|-|3029.21|37203.22|3.03|37.08|2.00|24.49|食品制造业|2021-12-13|
|801030.SI|申万基础化工Ⅰ|605033.SH|美邦股份|-|18.90|-0.55|-2.83|-|325.76|6137.79|1.35|25.55|0.38|7.15|化学原料和化学制品制造业|2021-09-27|
|801030.SI|申万基础化工Ⅰ|605020.SH|永和股份|-|30.76|-0.94|-2.97|-|977.58|29848.58|5.11|157.13|2.88|88.53|化学原料和化学制品制造业|2021-07-16|
|801030.SI|申万基础化工Ⅰ|605016.SH|百龙创园|-|21.17|-0.42|-1.95|-|297.07|6300.45|4.20|88.92|1.84|38.92|食品制造业|2021-12-13|
|801030.SI|申万基础化工Ⅰ|605008.SH|长鸿高科|-|14.03|0.04|0.29|-|366.45|5140.13|6.46|90.63|1.13|15.85|化学原料和化学制品制造业|2020-08-28|
|801030.SI|申万基础化工Ⅰ|603980.SH|吉华集团|-|7.92|-0.23|-2.82|-|7219.16|56919.34|6.77|53.61|3.84|30.42|化学原料和化学制品制造业|2017-06-22|
|801030.SI|申万基础化工Ⅰ|603977.SH|国泰集团|-|11.53|-0.27|-2.29|-|633.94|7301.84|6.21|71.63|3.06|35.31|化学原料和化学制品制造业|2018-07-16|
|801030.SI|申万基础化工Ⅰ|603970.SH|中农立华|-|11.08|-0.33|-2.89|-|481.74|5356.27|2.69|29.78|1.08|12.00|批发业|2017-11-23|
|801030.SI|申万基础化工Ⅰ|603968.SH|醋化股份|-|10.60|-0.24|-2.21|-|303.84|3196.64|2.04|21.67|1.06|11.20|化学原料和化学制品制造业|2015-05-25|
|801030.SI|申万基础化工Ⅰ|603948.SH|建业股份|-|18.96|-0.52|-2.67|-|136.97|2590.27|1.62|30.81|0.44|8.41|化学原料和化学制品制造业|2020-03-09|
|801030.SI|申万基础化工Ⅰ|603938.SH|三孚股份|-|49.56|4.51|10.01|-|2732.83|131818.78|3.83|189.63|1.32|65.34|化学原料和化学制品制造业|2017-07-05|
|801030.SI|申万基础化工Ⅰ|603928.SH|兴业股份|-|11.12|-0.18|-1.59|-|915.69|10101.67|3.41|37.89|1.17|12.96|化学原料和化学制品制造业|2016-12-19|
|801030.SI|申万基础化工Ⅰ|603916.SH|苏博特|-|10.37|-0.44|-4.07|-|856.99|8917.53|4.20|43.59|2.19|22.75|化学原料和化学制品制造业|2017-11-17|
|801030.SI|申万基础化工Ⅰ|603879.SH|永悦科技|-|5.15|-0.14|-2.65|-|880.43|4513.50|3.59|18.51|2.22|11.42|化学原料和化学制品制造业|2017-06-21|
|801030.SI|申万基础化工Ⅰ|603867.SH|新化股份|-|28.92|-1.03|-3.44|-|647.94|18756.50|2.17|62.90|1.64|47.48|化学原料和化学制品制造业|2019-07-04|
|801030.SI|申万基础化工Ⅰ|603826.SH|坤彩科技|-|16.02|-0.47|-2.85|-|1148.75|18362.35|8.52|136.45|2.29|36.65|化学原料和化学制品制造业|2021-12-13|
|801030.SI|申万基础化工Ⅰ|603823.SH|百合花|-|54.30|-2.10|-3.72|-|1802.65|97840.81|4.16|226.09|1.37|74.18|化学原料和化学制品制造业|2016-12-27|
|801030.SI|申万基础化工Ⅰ|603822.SH|ST嘉澳|-|62.31|-1.27|-2.00|-|51.75|3219.19|0.77|47.87|0.41|25.46|石油加工、炼焦和核燃料加工业|2016-05-06|
|801030.SI|申万基础化工Ⅰ|603810.SH|丰山集团|-|11.80|-0.36|-2.96|-|265.24|3125.38|1.65|19.51|0.90|10.59|化学原料和化学制品制造业|2018-09-25|
|801030.SI|申万基础化工Ⅰ|603790.SH|雅运股份|-|22.44|-1.07|-4.55|-|307.35|6914.51|1.91|42.94|0.68|15.17|化学原料和化学制品制造业|2018-09-19|
|801030.SI|申万基础化工Ⅰ|603739.SH|蔚蓝生物|-|12.53|-0.46|-3.54|-|354.61|4475.91|2.53|31.70|1.05|13.17|食品制造业|2022-08-01|
|801030.SI|申万基础化工Ⅰ|603722.SH|阿科力|-|28.07|-0.60|-2.09|-|125.88|3530.83|0.98|27.43|0.55|15.37|化学原料和化学制品制造业|2017-11-01|
|801030.SI|申万基础化工Ⅰ|603688.SH|石英股份|-|46.88|-0.11|-0.23|-|1198.01|55512.40|5.42|253.94|2.58|120.90|非金属矿物制品业|2021-12-13|
|801030.SI|申万基础化工Ⅰ|603683.SH|晶华新材|-|15.02|-0.34|-2.21|-|1391.52|20789.46|2.91|43.77|1.88|28.31|化学原料和化学制品制造业|2017-10-27|
|801030.SI|申万基础化工Ⅰ|603681.SH|永冠新材|-|17.83|-0.37|-2.03|-|686.85|12300.72|2.38|42.39|1.53|27.33|化学原料和化学制品制造业|2019-04-02|
|801030.SI|申万基础化工Ⅰ|603663.SH|三祥新材|-|41.54|-1.64|-3.80|-|2691.52|112066.28|5.94|246.57|2.68|111.25|非金属矿物制品业|2021-12-13|
|801030.SI|申万基础化工Ⅰ|603650.SH|彤程新材|-|63.25|-1.26|-1.95|-|1930.01|122048.74|6.16|389.66|2.21|139.68|化学原料和化学制品制造业|2018-07-04|
|801030.SI|申万基础化工Ⅰ|603639.SH|海利尔|-|10.67|-0.25|-2.29|-|223.79|2391.27|3.50|37.31|1.21|12.92|化学原料和化学制品制造业|2017-01-19|
|801030.SI|申万基础化工Ⅰ|603612.SH|索通发展|-|17.00|-0.36|-2.07|-|1949.18|32456.10|4.98|84.68|3.70|62.83|非金属矿物制品业|2021-12-13|
|801030.SI|申万基础化工Ⅰ|603599.SH|广信股份|-|10.78|-0.29|-2.62|-|1643.55|17737.44|9.10|98.13|5.24|56.48|化学原料和化学制品制造业|2015-05-20|
|801030.SI|申万基础化工Ⅰ|603585.SH|苏利股份|-|10.72|-0.50|-4.46|-|652.39|7026.59|2.75|29.52|0.96|10.25|化学原料和化学制品制造业|2016-12-21|
|801030.SI|申万基础化工Ⅰ|603580.SH|艾艾精工|-|62.88|-1.79|-2.77|-|685.52|42760.04|1.31|82.17|0.42|26.47|橡胶和塑料制品业|2017-06-05|
|801030.SI|申万基础化工Ⅰ|603505.SH|金石资源|-|14.93|-0.28|-1.84|-|1078.19|16138.26|8.42|125.66|3.81|56.93|非金属矿采选业|2021-12-13|
|801030.SI|申万基础化工Ⅰ|603435.SH|嘉德利|-|45.72|-0.18|-0.39|-|247.71|11336.03|4.59|209.93|0.36|16.32|计算机、通信和其他电子设备制造业|2026-05-29|
|801030.SI|申万基础化工Ⅰ|603406.SH|天富龙|-|30.37|-0.93|-2.97|-|319.48|9689.00|4.00|121.48|0.59|17.83|化学纤维制造业|2025-08-15|
|801030.SI|申万基础化工Ⅰ|603395.SH|红四方|-|25.95|-2.63|-9.20|-|1417.11|37780.82|2.60|67.47|0.57|14.75|化学原料和化学制品制造业|2024-12-03|
|801030.SI|申万基础化工Ⅰ|603382.SH|海阳科技|-|18.43|-0.53|-2.80|-|196.29|3633.56|1.81|33.40|0.81|15.02|化学原料和化学制品制造业|2025-06-19|
|801030.SI|申万基础化工Ⅰ|603379.SH|三美股份|-|53.11|-3.12|-5.55|-|930.07|49703.98|6.10|324.23|2.50|132.96|化学原料和化学制品制造业|2019-04-10|
|801030.SI|申万基础化工Ⅰ|603360.SH|百傲化学|-|12.25|-0.51|-4.00|-|1062.97|12955.31|7.06|86.51|3.14|38.46|化学原料和化学制品制造业|2017-02-13|
|801030.SI|申万基础化工Ⅰ|603334.SH|丰倍生物|-|29.84|-0.82|-2.67|-|106.68|3204.54|1.44|42.82|0.32|9.49|废弃资源综合利用业|2025-11-12|
|801030.SI|申万基础化工Ⅰ|603332.SH|苏州龙杰|-|11.37|-0.27|-2.32|-|369.33|4203.31|2.16|24.60|0.86|9.83|化学纤维制造业|2019-01-24|
|801030.SI|申万基础化工Ⅰ|603330.SH|天洋新材|-|9.18|-0.45|-4.67|-|5469.50|50369.06|4.33|39.72|2.81|25.76|橡胶和塑料制品业|2017-02-20|
|801030.SI|申万基础化工Ⅰ|603310.SH|巍华新材|-|14.86|0.04|0.27|-|197.66|2922.96|3.45|51.32|1.36|20.17|化学原料和化学制品制造业|2024-08-21|
|801030.SI|申万基础化工Ⅰ|603299.SH|苏盐井神|-|8.69|-0.25|-2.80|-|669.45|5845.53|9.55|82.97|3.73|32.40|化学原料和化学制品制造业|2016-03-15|
|801030.SI|申万基础化工Ⅰ|603285.SH|键邦股份|-|35.52|1.90|5.65|-|1100.38|38125.04|1.60|56.83|0.62|22.13|化学原料和化学制品制造业|2024-07-12|
|801030.SI|申万基础化工Ⅰ|603281.SH|江瀚新材|-|18.21|-0.45|-2.41|-|258.41|4718.59|5.19|94.44|2.81|51.18|化学原料和化学制品制造业|2023-02-07|
|801030.SI|申万基础化工Ⅰ|603276.SH|恒兴新材|-|16.43|-0.35|-2.09|-|278.25|4569.23|2.08|34.12|0.76|12.53|化学原料和化学制品制造业|2023-10-10|
|801030.SI|申万基础化工Ⅰ|603260.SH|合盛硅业|-|32.21|-0.87|-2.63|-|843.00|27007.79|11.82|380.79|3.14|101.16|化学原料和化学制品制造业|2021-12-13|
|801030.SI|申万基础化工Ⅰ|603255.SH|鼎际得|-|28.85|-0.98|-3.29|-|112.67|3227.77|1.34|38.67|0.38|11.07|化学原料和化学制品制造业|2022-08-25|
|801030.SI|申万基础化工Ⅰ|603235.SH|天新药业|-|25.16|-0.46|-1.80|-|78.59|1987.78|4.38|110.15|0.52|13.05|食品制造业|2022-07-19|
|801030.SI|申万基础化工Ⅰ|603227.SH|雪峰科技|-|7.57|-0.28|-3.57|-|1100.95|8402.99|10.72|81.13|3.84|29.09|化学原料和化学制品制造业|2015-05-22|
|801030.SI|申万基础化工Ⅰ|603225.SH|新凤鸣|-|16.93|-1.32|-7.23|-|2690.02|46195.49|16.77|284.00|8.00|135.37|化学纤维制造业|2017-04-25|
|801030.SI|申万基础化工Ⅰ|603217.SH|元利科技|-|27.00|-0.08|-0.30|-|376.52|10139.29|2.08|56.18|0.78|20.96|化学原料和化学制品制造业|2019-06-28|
|801030.SI|申万基础化工Ⅰ|603213.SH|镇洋发展|-|13.60|-0.09|-0.66|-|258.59|3502.76|4.45|60.51|1.09|14.86|化学原料和化学制品制造业|2021-11-18|
|801030.SI|申万基础化工Ⅰ|603192.SH|汇得科技|-|20.32|-0.29|-1.41|-|252.40|5126.88|1.67|33.96|0.68|13.72|化学原料和化学制品制造业|2018-09-04|
|801030.SI|申万基础化工Ⅰ|603188.SH|亚邦股份|-|4.58|-0.20|-4.18|-|1369.63|6323.65|5.70|26.11|4.01|18.37|化学原料和化学制品制造业|2014-09-16|
|801030.SI|申万基础化工Ⅰ|603181.SH|皇马科技|-|12.28|-0.26|-2.07|-|421.51|5170.95|5.89|72.29|3.36|41.32|化学原料和化学制品制造业|2017-08-31|
|801030.SI|申万基础化工Ⅰ|603172.SH|万丰股份|-|18.10|-0.75|-3.98|-|227.28|4118.21|1.33|24.14|0.43|7.85|化学原料和化学制品制造业|2023-05-17|
|801030.SI|申万基础化工Ⅰ|603155.SH|新亚强|-|13.20|-0.22|-1.64|-|645.24|8443.33|4.58|60.44|1.29|17.03|化学原料和化学制品制造业|2020-09-08|
|801030.SI|申万基础化工Ⅰ|603150.SH|万朗磁塑|-|69.91|-0.59|-0.84|-|332.84|23288.37|0.85|59.76|0.56|39.16|电气机械和器材制造业|2022-02-07|
|801030.SI|申万基础化工Ⅰ|603125.SH|常青科技|-|22.55|-0.52|-2.25|-|404.70|9086.01|4.05|91.29|1.10|24.88|化学原料和化学制品制造业|2023-04-17|
|801030.SI|申万基础化工Ⅰ|603120.SH|肯特催化|-|49.21|-0.08|-0.16|-|293.69|14427.15|0.90|44.49|0.36|17.72|化学原料和化学制品制造业|2025-04-23|
|801030.SI|申万基础化工Ⅰ|603113.SH|金能科技|-|5.02|-0.26|-4.92|-|3304.01|16814.84|8.48|42.59|4.18|20.98|化学原料和化学制品制造业|2024-05-22|
|801030.SI|申万基础化工Ⅰ|603110.SH|东方材料|-|22.74|-0.59|-2.53|-|746.62|16986.38|2.01|45.76|1.59|36.19|化学原料和化学制品制造业|2017-10-20|
|801030.SI|申万基础化工Ⅰ|603086.SH|先达股份|-|6.12|-0.26|-4.08|-|1451.54|8928.61|4.35|26.61|2.76|16.91|化学原料和化学制品制造业|2017-05-18|
|801030.SI|申万基础化工Ⅰ|603079.SH|圣达生物|-|12.36|-0.34|-2.68|-|460.29|5681.45|1.89|23.36|1.01|12.45|食品制造业|2024-07-31|
|801030.SI|申万基础化工Ⅰ|603077.SH|和邦生物|-|2.37|-0.09|-3.66|-|28798.41|68083.75|88.32|209.31|54.32|128.73|化学原料和化学制品制造业|2012-08-07|
|801030.SI|申万基础化工Ⅰ|603073.SH|彩蝶实业|-|16.03|-0.64|-3.84|-|208.33|3345.29|1.16|18.59|0.47|7.57|纺织业|2023-03-23|
|801030.SI|申万基础化工Ⅰ|603067.SH|振华股份|-|35.50|-0.46|-1.28|-|2979.06|103462.92|7.56|268.21|4.81|170.80|化学原料和化学制品制造业|2016-09-22|
|801030.SI|申万基础化工Ⅰ|603065.SH|宿迁联盛|-|13.55|-0.12|-0.88|-|1242.73|16659.87|4.19|56.77|1.71|23.20|化学原料和化学制品制造业|2023-03-28|
|801030.SI|申万基础化工Ⅰ|603062.SH|麦加芯彩|-|36.88|-0.52|-1.39|-|26.00|957.68|1.08|39.83|0.32|11.93|化学原料和化学制品制造业|2023-11-14|
|801030.SI|申万基础化工Ⅰ|603051.SH|鹿山新材|-|22.78|0.24|1.06|-|783.35|17415.86|1.63|37.09|1.05|23.86|橡胶和塑料制品业|2022-04-01|
|801030.SI|申万基础化工Ⅰ|603041.SH|美思德|-|11.00|-0.26|-2.31|-|261.41|2869.04|1.83|20.15|1.08|11.91|化学原料和化学制品制造业|2017-04-10|
|801030.SI|申万基础化工Ⅰ|603033.SH|三维股份|-|7.02|-0.27|-3.70|-|816.71|5762.65|10.31|72.39|3.68|25.84|橡胶和塑料制品业|2016-12-14|
|801030.SI|申万基础化工Ⅰ|603020.SH|爱普股份|-|10.15|-0.18|-1.74|-|902.54|9261.86|3.76|38.13|2.36|23.91|食品制造业|2021-12-13|
|801030.SI|申万基础化工Ⅰ|603010.SH|万盛股份|-|11.43|-0.36|-3.05|-|973.27|11005.70|5.85|66.87|2.71|31.01|化学原料和化学制品制造业|2014-10-17|
|801030.SI|申万基础化工Ⅰ|603004.SH|鼎龙科技|-|17.70|-0.51|-2.80|-|180.03|3194.72|2.36|41.69|0.59|10.42|化学原料和化学制品制造业|2024-01-04|
|801030.SI|申万基础化工Ⅰ|601678.SH|滨化股份|-|5.89|-0.11|-1.83|-|7265.58|42444.83|24.09|141.89|16.77|98.79|化学原料和化学制品制造业|2010-03-02|
|801030.SI|申万基础化工Ⅰ|601568.SH|北元化工|-|3.72|-0.11|-2.87|-|6126.33|22700.95|39.72|147.77|15.76|58.65|化学原料和化学制品制造业|2020-10-27|
|801030.SI|申万基础化工Ⅰ|601216.SH|君正集团|-|4.69|-0.14|-2.90|-|8978.30|42153.33|84.38|395.74|31.70|148.66|化学原料和化学制品制造业|2011-03-01|
|801030.SI|申万基础化工Ⅰ|601208.SH|东材科技|-|47.72|-0.87|-1.79|-|5812.39|272344.72|10.10|482.06|7.71|367.84|化学原料和化学制品制造业|2011-05-27|
|801030.SI|申万基础化工Ⅰ|601113.SH|华鼎股份|-|3.43|-0.07|-2.00|-|1156.79|3960.05|13.54|46.45|6.50|22.30|零售业|2025-08-13|
|801030.SI|申万基础化工Ⅰ|601065.SH|江盐集团|-|6.77|-0.18|-2.59|-|718.39|4868.05|6.43|43.52|2.98|20.15|化学原料和化学制品制造业|2023-04-17|
|801030.SI|申万基础化工Ⅰ|601026.SH|道生天合|-|14.16|-0.15|-1.05|-|245.99|3472.62|6.59|93.37|1.11|15.73|化学原料和化学制品制造业|2025-10-24|
|801030.SI|申万基础化工Ⅰ|600989.SH|宝丰能源|-|23.97|-0.73|-2.96|-|9549.02|231827.50|73.33|1757.81|20.29|486.34|化学原料和化学制品制造业|2020-12-21|
|801030.SI|申万基础化工Ⅰ|600955.SH|维远股份|-|12.36|-0.42|-3.29|-|404.26|5026.02|5.50|67.98|1.91|23.58|化学原料和化学制品制造业|2021-09-24|
|801030.SI|申万基础化工Ⅰ|600935.SH|华塑股份|-|2.33|-0.05|-2.10|-|2919.94|6771.97|35.95|83.76|7.08|16.50|化学原料和化学制品制造业|2021-12-03|
|801030.SI|申万基础化工Ⅰ|600929.SH|雪天盐业|-|6.04|0.00|0.00|-|0.00|0.00|16.40|99.06|0.98|5.91|食品制造业|2018-04-04|
|801030.SI|申万基础化工Ⅰ|600873.SH|梅花生物|-|7.56|-0.16|-2.07|-|3064.55|23160.80|28.04|212.00|18.33|138.61|食品制造业|2022-08-01|
|801030.SI|申万基础化工Ⅰ|600866.SH|星湖科技|-|4.25|-0.17|-3.85|-|3832.95|16372.88|16.61|70.61|9.54|40.53|食品制造业|2021-12-13|
|801030.SI|申万基础化工Ⅰ|600844.SH|金煤科技|-|3.54|-0.28|-7.33|-|10608.88|38077.39|10.17|35.98|5.87|20.78|化学原料和化学制品制造业|2009-10-12|
|801030.SI|申万基础化工Ⅰ|600810.SH|神马股份|-|6.43|-0.16|-2.43|-|687.23|4434.41|10.91|70.12|4.01|25.77|化学纤维制造业|1994-01-06|
|801030.SI|申万基础化工Ⅰ|600784.SH|鲁银投资|-|7.15|-0.17|-2.32|-|1077.83|7700.24|6.76|48.31|3.99|28.52|食品制造业|2025-08-13|
|801030.SI|申万基础化工Ⅰ|600746.SH|江苏索普|-|7.11|-0.28|-3.79|-|1078.81|7706.90|11.68|83.03|2.86|20.31|化学原料和化学制品制造业|1996-09-18|
|801030.SI|申万基础化工Ⅰ|600731.SH|湖南海利|-|5.72|-0.15|-2.56|-|1041.73|5973.18|5.54|31.68|3.69|21.09|化学原料和化学制品制造业|1996-08-02|
|801030.SI|申万基础化工Ⅰ|600727.SH|鲁北化工|-|7.58|-0.23|-2.94|-|1426.76|10823.49|5.29|40.07|3.26|24.74|化学原料和化学制品制造业|2011-08-19|
|801030.SI|申万基础化工Ⅰ|600722.SH|金牛化工|-|16.98|-1.33|-7.26|-|12833.92|223111.75|6.80|115.52|2.99|50.78|化学原料和化学制品制造业|1996-06-26|
|801030.SI|申万基础化工Ⅰ|600714.SH|金瑞矿业|-|17.90|-1.27|-6.62|-|3513.64|63358.06|2.88|51.58|1.87|33.41|化学原料和化学制品制造业|2017-07-03|
|801030.SI|申万基础化工Ⅰ|600691.SH|潞化科技|-|3.10|-0.21|-6.34|-|12389.40|38712.10|23.76|73.66|11.64|36.10|化学原料和化学制品制造业|2013-07-01|
|801030.SI|申万基础化工Ⅰ|600623.SH|华谊集团|-|8.52|-0.39|-4.38|-|2149.44|18469.39|21.19|180.58|6.50|55.37|化学原料和化学制品制造业|1992-12-04|
|801030.SI|申万基础化工Ⅰ|600618.SH|氯碱化工|-|10.05|-0.38|-3.64|-|962.39|9648.36|11.56|116.22|2.08|20.95|化学原料和化学制品制造业|1992-11-13|
|801030.SI|申万基础化工Ⅰ|600610.SH|中毅达|-|7.75|-0.50|-6.06|-|4931.37|38353.15|10.71|83.02|4.44|34.38|化学原料和化学制品制造业|2021-12-13|
|801030.SI|申万基础化工Ⅰ|600596.SH|新安股份|-|12.49|0.47|3.91|-|12141.51|147785.78|13.50|168.56|8.99|112.29|化学原料和化学制品制造业|2001-09-06|
|801030.SI|申万基础化工Ⅰ|600500.SH|中化国际|-|5.71|-0.06|-1.04|-|11966.84|67290.28|35.88|204.89|15.58|88.99|化学原料和化学制品制造业|2014-02-21|
|801030.SI|申万基础化工Ⅰ|600486.SH|扬农化工|-|54.43|-2.65|-4.64|-|692.23|37924.02|4.04|219.96|2.12|115.35|化学原料和化学制品制造业|2002-04-25|
|801030.SI|申万基础化工Ⅰ|600470.SH|六国化工|-|6.19|-0.22|-3.43|-|2762.18|17146.00|5.22|32.29|3.89|24.06|化学原料和化学制品制造业|2004-03-05|
|801030.SI|申万基础化工Ⅰ|600426.SH|华鲁恒升|-|19.87|-0.92|-4.43|-|4444.32|89394.22|27.50|546.41|18.07|358.97|化学原料和化学制品制造业|2002-06-20|
|801030.SI|申万基础化工Ⅰ|600423.SH|*ST柳化|-|2.79|-0.02|-0.71|-|397.22|1099.65|7.99|22.28|4.61|12.85|化学原料和化学制品制造业|2020-04-21|
|801030.SI|申万基础化工Ⅰ|600409.SH|三友化工|-|6.20|-0.50|-7.46|-|4553.67|28770.71|20.64|127.99|10.99|68.15|化学原料和化学制品制造业|2003-06-18|
|801030.SI|申万基础化工Ⅰ|600389.SH|江山股份|-|18.74|-0.80|-4.09|-|1689.99|31691.34|4.31|80.70|2.91|54.47|化学原料和化学制品制造业|2001-01-10|
|801030.SI|申万基础化工Ⅰ|600378.SH|昊华科技|-|45.39|-2.83|-5.87|-|6695.67|303279.37|12.90|585.53|4.31|195.42|化学原料和化学制品制造业|2001-01-11|
|801030.SI|申万基础化工Ⅰ|600370.SH|*ST三房|-|1.49|-0.01|-0.67|-|1494.97|2214.33|40.23|59.94|8.34|12.43|化学原料和化学制品制造业|2022-08-01|
|801030.SI|申万基础化工Ⅰ|600367.SH|红星发展|-|34.33|-0.76|-2.17|-|2856.28|97197.21|3.41|117.11|2.14|73.46|化学原料和化学制品制造业|2001-03-20|
|801030.SI|申万基础化工Ⅰ|600352.SH|浙江龙盛|-|11.63|-0.66|-5.37|-|6602.49|77408.26|32.53|378.36|24.15|280.81|化学原料和化学制品制造业|2003-08-01|
|801030.SI|申万基础化工Ⅰ|600331.SH|宏达股份|-|11.96|-0.81|-6.34|-|6100.76|73233.98|26.42|315.94|13.96|166.92|化学原料和化学制品制造业|2022-08-01|
|801030.SI|申万基础化工Ⅰ|600328.SH|中盐化工|-|6.05|-0.24|-3.82|-|3167.11|19262.63|14.66|88.71|7.23|43.75|化学原料和化学制品制造业|2000-12-22|
|801030.SI|申万基础化工Ⅰ|600319.SH|亚星化学|-|6.36|-0.23|-3.49|-|533.60|3400.01|3.88|24.66|2.23|14.20|化学原料和化学制品制造业|2001-03-26|
|801030.SI|申万基础化工Ⅰ|600309.SH|万华化学|-|74.50|-1.84|-2.41|-|3367.38|249885.72|31.30|2332.20|18.21|1356.29|化学原料和化学制品制造业|2001-01-05|
|801030.SI|申万基础化工Ⅰ|600299.SH|安迪苏|-|8.46|-0.27|-3.09|-|3921.32|33327.12|30.80|260.55|7.20|60.90|食品制造业|2000-04-20|
|801030.SI|申万基础化工Ⅰ|600273.SH|嘉化能源|-|6.58|-0.18|-2.66|-|1898.49|12537.35|13.11|86.28|7.69|50.63|化学原料和化学制品制造业|2015-07-01|
|801030.SI|申万基础化工Ⅰ|600230.SH|沧州大化|-|13.70|-0.81|-5.58|-|1500.63|20716.83|4.14|56.71|2.23|30.62|化学原料和化学制品制造业|2014-05-22|
|801030.SI|申万基础化工Ⅰ|600227.SH|赤天化|-|4.24|-0.31|-6.81|-|21410.54|91427.60|16.89|71.60|10.55|44.75|化学原料和化学制品制造业|2022-08-01|
|801030.SI|申万基础化工Ⅰ|600165.SH|宁科生物|-|3.21|-0.12|-3.60|-|1930.22|6150.85|16.16|51.87|5.33|17.11|化学原料和化学制品制造业|2025-12-12|
|801030.SI|申万基础化工Ⅰ|600160.SH|巨化股份|-|35.26|-1.74|-4.70|-|3463.99|122486.23|27.00|951.93|10.66|375.89|化学原料和化学制品制造业|1998-06-26|
|801030.SI|申万基础化工Ⅰ|600143.SH|金发科技|-|13.23|-0.19|-1.42|-|2503.88|33009.58|26.73|353.68|18.93|250.45|橡胶和塑料制品业|2012-03-01|
|801030.SI|申万基础化工Ⅰ|600141.SH|兴发集团|-|29.25|-1.29|-4.22|-|3047.13|89623.79|11.96|349.88|7.72|225.73|化学原料和化学制品制造业|1999-06-16|
|801030.SI|申万基础化工Ⅰ|600135.SH|乐凯胶片|-|7.59|-0.14|-1.81|-|708.38|5375.88|5.53|42.00|2.95|22.40|化学原料和化学制品制造业|2021-12-13|
|801030.SI|申万基础化工Ⅰ|600096.SH|云天化|-|29.31|-1.36|-4.43|-|4455.49|131417.18|18.23|534.32|10.66|312.59|化学原料和化学制品制造业|1997-07-09|
|801030.SI|申万基础化工Ⅰ|600078.SH|澄星股份|-|10.35|-0.54|-4.96|-|1959.74|20415.13|6.80|70.35|3.86|39.91|化学原料和化学制品制造业|1997-06-27|
|801030.SI|申万基础化工Ⅰ|600075.SH|新疆天业|-|4.84|-0.12|-2.42|-|3011.46|14552.97|17.08|82.66|6.73|32.59|化学原料和化学制品制造业|1997-06-17|
|801030.SI|申万基础化工Ⅰ|600063.SH|皖维高新|-|5.47|-0.09|-1.62|-|3642.50|19734.89|20.69|113.18|13.48|73.72|化学原料和化学制品制造业|1997-05-28|
|801030.SI|申万基础化工Ⅰ|301688.SZ|格林生物|-|35.47|-1.45|-3.93|-|479.35|17084.17|1.33|47.29|0.26|9.22|化学原料和化学制品制造业|2026-09-09|
|801030.SI|申万基础化工Ⅰ|301687.SZ|新广益|-|47.53|-0.80|-1.66|-|283.17|13340.59|1.47|69.80|0.31|14.81|计算机、通信和其他电子设备制造业|2026-01-09|
|801030.SI|申万基础化工Ⅰ|301683.SZ|慧谷新材|-|90.81|-1.57|-1.70|-|57.10|5163.48|0.63|57.32|0.14|12.95|化学原料和化学制品制造业|2026-04-09|
|801030.SI|申万基础化工Ⅰ|301665.SZ|泰禾股份|-|22.09|-0.48|-2.13|-|184.54|4073.30|4.50|99.41|1.03|22.79|化学原料和化学制品制造业|2025-04-18|
|801030.SI|申万基础化工Ⅰ|301618.SZ|长联科技|-|29.75|-0.64|-2.11|-|84.21|2506.89|1.26|37.57|0.46|13.61|化学原料和化学制品制造业|2024-10-14|
|801030.SI|申万基础化工Ⅰ|301617.SZ|博苑新材|-|46.44|-0.15|-0.32|-|135.29|6184.46|1.74|80.68|0.69|32.02|化学原料和化学制品制造业|2024-12-18|
|801030.SI|申万基础化工Ⅰ|301591.SZ|肯特股份|-|43.44|-1.93|-4.25|-|1205.60|51933.07|1.09|47.50|0.45|19.42|橡胶和塑料制品业|2024-03-06|
|801030.SI|申万基础化工Ⅰ|301585.SZ|蓝宇股份|-|27.78|-0.22|-0.79|-|70.37|1934.42|1.04|28.89|0.61|17.01|化学原料和化学制品制造业|2024-12-27|
|801030.SI|申万基础化工Ⅰ|301565.SZ|中仑新材|-|18.30|-0.37|-1.98|-|370.67|6767.68|4.00|73.20|1.03|18.76|橡胶和塑料制品业|2024-06-27|
|801030.SI|申万基础化工Ⅰ|301555.SZ|惠柏新材|-|33.59|-0.68|-1.98|-|162.42|5407.34|0.92|30.99|0.41|13.87|化学原料和化学制品制造业|2023-11-07|
|801030.SI|申万基础化工Ⅰ|301538.SZ|骏鼎达|-|38.32|-1.56|-3.91|-|208.82|7984.52|1.10|42.06|0.37|14.25|橡胶和塑料制品业|2024-03-27|
|801030.SI|申万基础化工Ⅰ|301518.SZ|长华化学|-|22.07|-1.13|-4.87|-|214.69|4773.51|1.45|32.11|0.57|12.68|化学原料和化学制品制造业|2023-08-10|
|801030.SI|申万基础化工Ⅰ|301459.SZ|丰茂股份|-|32.00|-0.17|-0.53|-|118.57|3757.70|1.04|33.32|0.26|8.35|橡胶和塑料制品业|2023-12-20|
|801030.SI|申万基础化工Ⅰ|301395.SZ|仁信新材|-|11.71|-0.29|-2.42|-|315.06|3694.14|2.43|28.44|1.29|15.15|化学原料和化学制品制造业|2023-07-10|
|801030.SI|申万基础化工Ⅰ|301373.SZ|凌玮科技|-|97.52|-1.58|-1.59|-|612.44|58436.84|1.08|105.78|0.39|38.17|化学原料和化学制品制造业|2023-02-15|
|801030.SI|申万基础化工Ⅰ|301300.SZ|远翔新材|-|32.06|-0.97|-2.94|-|55.41|1776.33|0.65|20.98|0.23|7.34|化学原料和化学制品制造业|2022-08-26|
|801030.SI|申万基础化工Ⅰ|301286.SZ|侨源股份|-|43.63|-2.48|-5.38|-|217.27|9552.87|4.00|174.56|0.43|18.94|化学原料和化学制品制造业|2022-06-21|
|801030.SI|申万基础化工Ⅰ|301283.SZ|聚胶股份|-|24.92|0.58|2.38|-|229.94|5671.73|1.16|28.96|0.54|13.54|化学原料和化学制品制造业|2022-09-09|
|801030.SI|申万基础化工Ⅰ|301256.SZ|华融化学|-|9.76|-0.24|-2.40|-|654.70|6378.74|4.80|46.85|1.36|13.29|化学原料和化学制品制造业|2022-03-29|
|801030.SI|申万基础化工Ⅰ|301237.SZ|和顺科技|-|37.45|0.58|1.57|-|224.51|8227.53|1.11|41.67|0.54|20.31|橡胶和塑料制品业|2022-03-30|
|801030.SI|申万基础化工Ⅰ|301220.SZ|亚香股份|-|27.78|1.13|4.24|-|352.15|9636.36|1.13|31.39|0.66|18.32|化学原料和化学制品制造业|2022-06-29|
|801030.SI|申万基础化工Ⅰ|301216.SZ|万凯新材|-|17.29|-0.61|-3.41|-|2927.81|50273.40|5.80|100.32|3.40|58.85|化学原料和化学制品制造业|2022-04-07|
|801030.SI|申万基础化工Ⅰ|301212.SZ|联盛化学|-|24.70|-0.62|-2.45|-|145.11|3586.22|1.08|26.68|0.29|7.21|化学原料和化学制品制造业|2022-04-26|
|801030.SI|申万基础化工Ⅰ|301209.SZ|联合化学|-|57.48|-0.75|-1.29|-|186.12|10623.54|1.57|90.13|0.48|27.60|化学原料和化学制品制造业|2022-09-01|
|801030.SI|申万基础化工Ⅰ|301206.SZ|三元生物|-|24.86|-1.63|-6.15|-|1042.92|26411.75|2.02|50.30|0.92|22.98|食品制造业|2022-02-17|
|801030.SI|申万基础化工Ⅰ|301196.SZ|唯科科技|-|80.80|-2.49|-2.99|-|462.58|37039.59|1.64|132.68|0.64|52.04|橡胶和塑料制品业|2022-01-18|
|801030.SI|申万基础化工Ⅰ|301190.SZ|善水科技|-|17.45|0.21|1.22|-|583.11|9950.28|2.15|37.45|0.77|13.41|化学原料和化学制品制造业|2021-12-31|
|801030.SI|申万基础化工Ⅰ|301156.SZ|美农生物|-|11.80|-0.50|-4.07|-|574.92|6809.69|1.84|21.72|0.69|8.18|食品制造业|2022-06-24|
|801030.SI|申万基础化工Ⅰ|301149.SZ|隆华新材|-|8.64|-0.22|-2.48|-|1107.51|9563.52|5.59|48.30|2.54|21.96|化学原料和化学制品制造业|2021-11-17|
|801030.SI|申万基础化工Ⅰ|301131.SZ|聚赛龙|-|31.44|-1.16|-3.56|-|115.69|3633.81|0.55|17.19|0.33|10.26|橡胶和塑料制品业|2022-03-21|
|801030.SI|申万基础化工Ⅰ|301118.SZ|恒光股份|-|22.36|-0.67|-2.91|-|232.99|5192.37|1.10|24.62|0.49|10.97|化学原料和化学制品制造业|2021-11-25|
|801030.SI|申万基础化工Ⅰ|301100.SZ|风光股份|-|14.86|-0.52|-3.38|-|158.97|2367.33|2.01|29.90|0.51|7.61|化学原料和化学制品制造业|2021-12-24|
|801030.SI|申万基础化工Ⅰ|301092.SZ|争光股份|-|42.24|-0.96|-2.22|-|187.18|7799.71|1.35|56.83|0.37|15.60|化学原料和化学制品制造业|2021-11-09|
|801030.SI|申万基础化工Ⅰ|301090.SZ|华润材料|-|6.81|-0.16|-2.30|-|693.41|4720.42|14.71|100.17|2.32|15.81|化学原料和化学制品制造业|2021-11-02|
|801030.SI|申万基础化工Ⅰ|301077.SZ|星华新材|-|20.70|-0.31|-1.48|-|157.67|3240.26|1.70|35.24|0.58|11.92|化学原料和化学制品制造业|2021-10-14|
|801030.SI|申万基础化工Ⅰ|301076.SZ|新瀚新材|-|20.02|-0.82|-3.93|-|406.98|8144.64|2.28|45.68|1.30|25.95|化学原料和化学制品制造业|2021-10-18|
|801030.SI|申万基础化工Ⅰ|301071.SZ|力量钻石|-|60.30|-1.64|-2.65|-|1809.13|109391.96|2.54|153.43|1.32|79.35|非金属矿物制品业|2021-12-13|
|801030.SI|申万基础化工Ⅰ|301069.SZ|凯盛新材|-|15.39|-0.49|-3.09|-|585.78|9066.00|4.53|69.74|2.66|40.91|化学原料和化学制品制造业|2021-10-11|
|801030.SI|申万基础化工Ⅰ|301059.SZ|金三江|-|12.12|-0.21|-1.70|-|190.86|2301.67|2.31|28.02|0.66|7.99|化学原料和化学制品制造业|2021-09-22|
|801030.SI|申万基础化工Ⅰ|301057.SZ|汇隆新材|-|20.28|-0.67|-3.20|-|205.88|4139.27|1.17|23.72|0.55|11.10|化学纤维制造业|2021-09-16|
|801030.SI|申万基础化工Ⅰ|301037.SZ|保立佳|-|12.38|-0.50|-3.88|-|358.40|4418.13|1.39|17.21|0.43|5.36|化学原料和化学制品制造业|2021-08-06|
|801030.SI|申万基础化工Ⅰ|301036.SZ|双乐股份|-|21.36|-0.64|-2.91|-|143.98|3070.20|1.00|21.36|0.44|9.46|化学原料和化学制品制造业|2021-08-05|
|801030.SI|申万基础化工Ⅰ|301035.SZ|润丰股份|-|55.13|-0.39|-0.70|-|206.27|11338.25|3.65|200.95|1.17|64.71|化学原料和化学制品制造业|2021-08-04|
|801030.SI|申万基础化工Ⅰ|301019.SZ|宁波色母|-|14.57|-0.42|-2.80|-|161.36|2363.14|1.98|28.84|1.26|18.35|橡胶和塑料制品业|2021-07-05|
|801030.SI|申万基础化工Ⅰ|301003.SZ|江苏博云|-|57.10|-2.17|-3.66|-|384.90|22237.80|0.97|55.46|0.40|22.94|橡胶和塑料制品业|2021-06-23|
|801030.SI|申万基础化工Ⅰ|300995.SZ|奇德新材|-|25.04|-0.90|-3.47|-|185.50|4640.67|0.92|23.06|0.35|8.70|橡胶和塑料制品业|2021-06-02|
|801030.SI|申万基础化工Ⅰ|300980.SZ|祥源新材|-|21.72|-0.86|-3.81|-|350.01|7589.59|1.38|29.99|0.83|18.06|橡胶和塑料制品业|2021-04-28|
|801030.SI|申万基础化工Ⅰ|300927.SZ|江天化学|-|27.24|-0.89|-3.16|-|1196.02|32538.35|1.44|39.32|0.56|15.34|化学原料和化学制品制造业|2021-01-14|
|801030.SI|申万基础化工Ⅰ|300920.SZ|润阳科技|-|34.75|-0.97|-2.72|-|154.71|5347.66|1.30|45.18|0.67|23.45|橡胶和塑料制品业|2021-01-04|
|801030.SI|申万基础化工Ⅰ|300910.SZ|瑞丰新材|-|27.78|-0.82|-2.87|-|540.51|15030.78|3.83|106.41|1.90|52.81|化学原料和化学制品制造业|2020-12-04|
|801030.SI|申万基础化工Ⅰ|300905.SZ|宝丽迪|-|33.43|-0.63|-1.85|-|362.02|11996.08|1.79|59.84|0.76|25.53|橡胶和塑料制品业|2020-11-12|
|801030.SI|申万基础化工Ⅰ|300891.SZ|惠云钛业|-|7.33|-0.19|-2.53|-|667.19|4873.21|4.00|29.32|2.00|14.67|化学原料和化学制品制造业|2020-09-24|
|801030.SI|申万基础化工Ⅰ|300886.SZ|华业香料|-|22.20|-0.79|-3.44|-|171.28|3784.09|0.75|16.68|0.34|7.56|化学原料和化学制品制造业|2026-07-02|
|801030.SI|申万基础化工Ⅰ|300876.SZ|蒙泰高新|-|14.59|-0.31|-2.08|-|237.65|3446.92|1.52|22.18|0.75|11.01|化学纤维制造业|2020-08-31|
|801030.SI|申万基础化工Ⅰ|300858.SZ|科拓生物|-|13.69|-0.43|-3.05|-|266.30|3667.62|2.63|36.07|1.61|22.02|食品制造业|2021-12-13|
|801030.SI|申万基础化工Ⅰ|300848.SZ|美瑞新材|-|11.05|-0.29|-2.56|-|330.35|3645.10|4.28|47.28|1.38|15.24|化学原料和化学制品制造业|2020-07-27|
|801030.SI|申万基础化工Ⅰ|300834.SZ|星辉环材|-|38.90|-0.60|-1.52|-|116.43|4497.93|1.94|75.35|0.71|27.46|化学原料和化学制品制造业|2022-01-20|
|801030.SI|申万基础化工Ⅰ|300829.SZ|金丹科技|-|16.63|-0.40|-2.35|-|581.06|9674.34|2.27|37.80|1.53|25.51|食品制造业|2021-12-13|
|801030.SI|申万基础化工Ⅰ|300821.SZ|东岳硅材|-|14.53|-0.18|-1.22|-|3606.27|51629.91|12.00|174.36|5.69|82.71|化学原料和化学制品制造业|2020-03-19|
|801030.SI|申万基础化工Ⅰ|300806.SZ|斯迪克|-|52.17|-1.42|-2.65|-|3457.09|179770.85|6.34|330.62|4.00|208.70|橡胶和塑料制品业|2019-12-02|
|801030.SI|申万基础化工Ⅰ|300804.SZ|广康生化|-|40.63|-3.47|-7.87|-|141.67|5874.96|0.74|30.07|0.27|11.01|化学原料和化学制品制造业|2023-07-04|
|801030.SI|申万基础化工Ⅰ|300801.SZ|泰和科技|-|21.02|-0.51|-2.37|-|292.64|6125.21|2.18|45.84|0.87|18.34|化学原料和化学制品制造业|2019-12-05|
|801030.SI|申万基础化工Ⅰ|300798.SZ|锦鸡股份|-|8.12|-0.35|-4.13|-|2962.77|23974.73|4.93|40.04|3.19|25.88|化学原料和化学制品制造业|2019-11-29|
|801030.SI|申万基础化工Ⅰ|300796.SZ|贝斯美|-|6.81|-0.19|-2.71|-|372.21|2535.02|3.61|24.59|2.44|16.58|化学原料和化学制品制造业|2019-12-18|
|801030.SI|申万基础化工Ⅰ|300767.SZ|震安科技|-|18.25|-0.51|-2.72|-|669.94|12237.75|2.76|50.42|1.78|32.46|橡胶和塑料制品业|2019-04-08|
|801030.SI|申万基础化工Ⅰ|300758.SZ|七彩化学|-|11.00|-0.16|-1.43|-|680.40|7451.24|3.99|43.90|2.21|24.36|化学原料和化学制品制造业|2019-03-01|
|801030.SI|申万基础化工Ⅰ|300741.SZ|华宝股份|-|19.80|0.55|2.86|-|1462.68|28872.98|6.16|121.94|1.16|22.94|化学原料和化学制品制造业|2021-12-13|
|801030.SI|申万基础化工Ⅰ|300731.SZ|科创新源|-|46.03|-1.83|-3.82|-|710.68|32658.77|1.77|81.60|1.34|61.86|橡胶和塑料制品业|2019-07-08|
|801030.SI|申万基础化工Ⅰ|300727.SZ|润禾材料|-|29.68|-0.51|-1.69|-|486.58|14273.26|1.80|53.46|0.80|23.83|化学原料和化学制品制造业|2017-12-04|
|801030.SI|申万基础化工Ⅰ|300721.SZ|怡达股份|-|20.79|-0.60|-2.81|-|475.14|9830.02|1.65|34.27|0.92|19.20|化学原料和化学制品制造业|2017-11-22|
|801030.SI|申万基础化工Ⅰ|300717.SZ|华信新材|-|17.57|-0.48|-2.66|-|206.63|3618.17|1.03|18.06|0.51|8.98|橡胶和塑料制品业|2017-11-13|
|801030.SI|申万基础化工Ⅰ|300665.SZ|飞鹿股份|-|8.84|-0.38|-4.12|-|638.13|5648.06|2.30|20.29|1.87|16.56|化学原料和化学制品制造业|2017-06-20|
|801030.SI|申万基础化工Ⅰ|300644.SZ|南京聚隆|-|19.35|-0.57|-2.86|-|230.23|4431.89|1.11|21.42|0.63|12.25|橡胶和塑料制品业|2018-02-13|
|801030.SI|申万基础化工Ⅰ|300641.SZ|正丹股份|-|13.33|-0.21|-1.55|-|511.42|6791.43|5.26|70.06|2.13|28.42|化学原料和化学制品制造业|2017-04-25|
|801030.SI|申万基础化工Ⅰ|300637.SZ|扬帆新材|-|9.24|-0.09|-0.96|-|351.49|3223.24|2.35|21.69|1.46|13.46|化学原料和化学制品制造业|2022-08-01|
|801030.SI|申万基础化工Ⅰ|300610.SZ|晨化股份|-|10.22|-0.31|-2.94|-|338.49|3447.80|2.12|21.68|1.53|15.61|化学原料和化学制品制造业|2017-02-20|
|801030.SI|申万基础化工Ⅰ|300596.SZ|利安隆|-|39.70|-1.07|-2.62|-|275.64|10914.85|2.30|91.16|1.50|59.64|化学原料和化学制品制造业|2017-01-26|
|801030.SI|申万基础化工Ⅰ|300587.SZ|天铁科技|-|4.65|-0.14|-2.92|-|2377.76|11035.91|12.98|60.37|8.69|40.43|橡胶和塑料制品业|2017-01-12|
|801030.SI|申万基础化工Ⅰ|300586.SZ|美联新材|-|8.85|-0.15|-1.67|-|1371.09|11988.39|7.11|62.94|4.77|42.25|化学原料和化学制品制造业|2017-01-11|
|801030.SI|申万基础化工Ⅰ|300575.SZ|中旗股份|-|5.98|-0.14|-2.29|-|1089.44|6467.47|4.79|28.62|3.06|18.28|化学原料和化学制品制造业|2016-12-27|
|801030.SI|申万基础化工Ⅰ|300539.SZ|横河精密|-|16.44|-0.58|-3.41|-|529.41|8743.51|2.68|44.08|1.35|22.23|橡胶和塑料制品业|2016-09-06|
|801030.SI|申万基础化工Ⅰ|300538.SZ|同益股份|-|14.71|-0.16|-1.08|-|325.22|4716.15|1.82|26.76|0.93|13.69|批发业|2018-07-16|
|801030.SI|申万基础化工Ⅰ|300535.SZ|达威股份|-|15.41|-0.65|-4.05|-|301.51|4629.53|1.07|16.49|0.60|9.28|化学原料和化学制品制造业|2016-08-19|
|801030.SI|申万基础化工Ⅰ|300522.SZ|世名科技|-|13.60|-0.32|-2.30|-|1464.95|19769.40|3.22|43.85|1.59|21.63|化学原料和化学制品制造业|2016-07-12|
|801030.SI|申万基础化工Ⅰ|300505.SZ|川金诺|-|21.10|-1.05|-4.74|-|2823.68|60199.92|2.75|58.00|1.77|37.28|化学原料和化学制品制造业|2016-03-25|
|801030.SI|申万基础化工Ⅰ|300487.SZ|蓝晓科技|-|65.59|-1.04|-1.56|-|394.11|25691.14|5.09|333.95|2.52|165.05|化学原料和化学制品制造业|2015-07-09|
|801030.SI|申万基础化工Ⅰ|300478.SZ|杭州高新|-|32.55|-1.03|-3.07|-|521.98|16751.23|1.27|41.23|0.87|28.41|橡胶和塑料制品业|2015-06-17|
|801030.SI|申万基础化工Ⅰ|300405.SZ|科隆股份|-|5.58|-0.17|-2.96|-|1121.82|6232.48|2.84|15.87|1.65|9.22|化学原料和化学制品制造业|2014-11-06|
|801030.SI|申万基础化工Ⅰ|300387.SZ|富邦科技|-|7.68|-0.27|-3.40|-|1243.18|9630.53|2.89|22.20|1.76|13.50|化学原料和化学制品制造业|2014-07-10|
|801030.SI|申万基础化工Ⅰ|300343.SZ|联创股份|-|5.48|-0.10|-1.79|-|1397.75|7606.50|10.68|58.55|9.36|51.29|化学原料和化学制品制造业|2023-07-06|
|801030.SI|申万基础化工Ⅰ|300321.SZ|同大股份|-|30.80|-0.70|-2.22|-|204.02|6212.72|0.89|27.35|0.44|13.69|橡胶和塑料制品业|2012-05-30|
|801030.SI|申万基础化工Ⅰ|300320.SZ|海达股份|-|8.13|-0.09|-1.09|-|567.19|4627.34|6.01|48.88|4.03|32.73|橡胶和塑料制品业|2012-06-08|
|801030.SI|申万基础化工Ⅰ|300305.SZ|裕兴股份|-|6.26|0.06|0.97|-|1078.22|6657.61|3.75|23.50|2.25|14.09|橡胶和塑料制品业|2012-04-10|
|801030.SI|申万基础化工Ⅰ|300261.SZ|雅本化学|-|4.89|-0.22|-4.31|-|2983.22|14580.54|9.63|47.11|6.02|29.46|化学原料和化学制品制造业|2017-07-03|
|801030.SI|申万基础化工Ⅰ|300243.SZ|瑞丰高材|-|15.72|-0.32|-2.00|-|1292.52|20034.79|2.80|43.95|2.07|32.50|化学原料和化学制品制造业|2011-07-19|
|801030.SI|申万基础化工Ⅰ|300230.SZ|永利股份|-|4.27|-0.10|-2.29|-|641.31|2744.21|8.13|34.72|5.41|23.11|橡胶和塑料制品业|2011-06-22|
|801030.SI|申万基础化工Ⅰ|300225.SZ|金力泰|-|7.63|-0.43|-5.34|-|2416.05|18650.22|4.75|36.28|3.23|24.64|化学原料和化学制品制造业|2011-06-08|
|801030.SI|申万基础化工Ⅰ|300221.SZ|银禧科技|-|13.83|0.11|0.80|-|1879.90|25553.03|4.74|65.52|4.51|62.44|橡胶和塑料制品业|2011-06-01|
|801030.SI|申万基础化工Ⅰ|300218.SZ|安利股份|-|12.35|-0.25|-1.98|-|232.70|2868.45|2.17|26.80|1.39|17.17|橡胶和塑料制品业|2011-05-24|
|801030.SI|申万基础化工Ⅰ|300214.SZ|日科化学|-|10.09|-0.25|-2.42|-|2897.49|29055.16|4.65|46.91|2.81|28.31|化学原料和化学制品制造业|2011-05-18|
|801030.SI|申万基础化工Ⅰ|300200.SZ|高盟新材|-|8.25|-0.07|-0.84|-|586.03|4798.13|4.31|35.56|3.03|24.99|化学原料和化学制品制造业|2011-04-14|
|801030.SI|申万基础化工Ⅰ|300180.SZ|华峰超纤|-|4.44|-0.14|-3.06|-|3741.94|16530.88|17.61|78.19|11.74|52.12|橡胶和塑料制品业|2011-03-01|
|801030.SI|申万基础化工Ⅰ|300174.SZ|元力股份|-|18.02|-0.33|-1.80|-|1719.97|30702.56|3.64|65.63|2.80|50.52|化学原料和化学制品制造业|2011-02-15|
|801030.SI|申万基础化工Ⅰ|300169.SZ|天晟新材|-|5.63|-0.09|-1.57|-|780.52|4355.44|3.39|19.11|2.85|16.06|橡胶和塑料制品业|2011-02-01|
|801030.SI|申万基础化工Ⅰ|300163.SZ|先锋新材|-|7.39|-0.41|-5.26|-|3293.54|24532.62|4.74|35.03|4.31|31.87|纺织业|2011-01-20|
|801030.SI|申万基础化工Ⅰ|300121.SZ|阳谷华泰|-|10.06|0.40|4.14|-|3158.30|31225.09|4.45|44.79|2.95|29.67|化学原料和化学制品制造业|2010-09-29|
|801030.SI|申万基础化工Ⅰ|300109.SZ|新开源|-|12.88|-0.35|-2.65|-|987.36|12734.63|5.77|74.30|4.88|62.85|化学原料和化学制品制造业|2010-09-01|
|801030.SI|申万基础化工Ⅰ|300107.SZ|建新股份|-|6.66|-0.17|-2.49|-|846.86|5628.11|5.63|37.48|2.77|18.47|化学原料和化学制品制造业|2010-08-20|
|801030.SI|申万基础化工Ⅰ|300082.SZ|奥克股份|-|8.13|-0.18|-2.17|-|824.83|6662.74|6.80|55.29|3.19|25.90|化学原料和化学制品制造业|2010-05-27|
|801030.SI|申万基础化工Ⅰ|300072.SZ|海新能科|-|3.58|-0.13|-3.50|-|3447.65|12510.31|23.50|84.12|14.57|52.15|化学原料和化学制品制造业|2023-08-23|
|801030.SI|申万基础化工Ⅰ|300067.SZ|安诺其|-|5.15|-0.15|-2.83|-|2794.55|14341.58|11.54|59.45|7.59|39.11|化学原料和化学制品制造业|2010-04-28|
|801030.SI|申万基础化工Ⅰ|300041.SZ|回天新材|-|10.37|-0.15|-1.43|-|1442.70|14887.52|5.59|58.01|4.74|49.18|化学原料和化学制品制造业|2010-01-08|
|801030.SI|申万基础化工Ⅰ|300019.SZ|硅宝科技|-|13.78|-0.21|-1.50|-|346.59|4763.28|3.93|54.17|2.12|29.21|化学原料和化学制品制造业|2010-06-01|
|801030.SI|申万基础化工Ⅰ|003042.SZ|中农联合|-|14.41|-0.50|-3.35|-|527.12|7661.27|1.42|20.53|0.69|9.89|化学原料和化学制品制造业|2021-04-13|
|801030.SI|申万基础化工Ⅰ|003017.SZ|大洋生物|-|21.91|-0.61|-2.71|-|161.14|3517.08|1.01|22.09|0.69|15.04|化学原料和化学制品制造业|2020-11-02|
|801030.SI|申万基础化工Ⅰ|003002.SZ|壶化股份|-|20.41|0.85|4.35|-|1753.89|34829.24|2.43|49.56|0.96|19.51|化学原料和化学制品制造业|2020-09-29|
|801030.SI|申万基础化工Ⅰ|002999.SZ|天禾股份|-|6.61|-0.31|-4.48|-|3980.84|26519.00|3.48|22.98|2.21|14.63|零售业|2020-09-10|
|801030.SI|申万基础化工Ⅰ|002998.SZ|优彩资源|-|7.89|-0.71|-8.26|-|4808.20|39317.30|3.55|28.00|1.78|14.05|化学纤维制造业|2020-10-12|
|801030.SI|申万基础化工Ⅰ|002971.SZ|和远气体|-|37.46|-0.87|-2.27|-|1411.47|52401.35|2.11|78.89|1.21|45.16|化学原料和化学制品制造业|2020-01-20|
|801030.SI|申万基础化工Ⅰ|002942.SZ|新农股份|-|16.92|-0.80|-4.51|-|843.44|14321.61|1.55|26.31|0.47|8.00|化学原料和化学制品制造业|2018-12-12|
|801030.SI|申万基础化工Ⅰ|002917.SZ|金奥博|-|10.18|-0.23|-2.21|-|380.38|3874.10|3.48|35.39|1.76|17.91|化学原料和化学制品制造业|2017-12-15|
|801030.SI|申万基础化工Ⅰ|002915.SZ|中欣氟材|-|17.17|-0.86|-4.77|-|1266.69|21649.62|3.35|57.57|2.14|36.72|化学原料和化学制品制造业|2017-12-12|
|801030.SI|申万基础化工Ⅰ|002909.SZ|集泰股份|-|7.49|-0.83|-9.98|-|3595.25|27350.97|3.90|29.21|2.25|16.82|化学原料和化学制品制造业|2017-11-02|
|801030.SI|申万基础化工Ⅰ|002895.SZ|川恒股份|-|31.88|-1.65|-4.92|-|660.72|21297.12|6.06|193.15|3.11|99.24|化学原料和化学制品制造业|2017-09-01|
|801030.SI|申万基础化工Ⅰ|002886.SZ|沃特股份|-|25.18|-0.83|-3.19|-|5094.84|127280.25|2.63|66.27|1.55|39.14|橡胶和塑料制品业|2017-07-04|
|801030.SI|申万基础化工Ⅰ|002838.SZ|道恩股份|-|24.25|-0.69|-2.77|-|623.82|15005.79|4.78|116.01|2.04|49.50|橡胶和塑料制品业|2017-01-13|
|801030.SI|申万基础化工Ⅰ|002827.SZ|高争民爆|-|58.16|-3.60|-5.83|-|1014.79|59719.18|2.77|161.13|1.04|60.65|化学原料和化学制品制造业|2016-12-16|
|801030.SI|申万基础化工Ⅰ|002825.SZ|纳尔股份|-|9.91|-0.07|-0.70|-|533.19|5213.57|3.42|33.89|1.78|17.63|橡胶和塑料制品业|2017-07-03|
|801030.SI|申万基础化工Ⅰ|002810.SZ|山东赫达|-|20.89|-0.57|-2.66|-|501.45|10511.86|3.48|72.70|2.04|42.65|化学原料和化学制品制造业|2016-09-02|
|801030.SI|申万基础化工Ⅰ|002809.SZ|红墙股份|-|8.40|-0.22|-2.55|-|516.18|4332.60|2.40|20.18|1.37|11.51|化学原料和化学制品制造业|2016-08-30|
|801030.SI|申万基础化工Ⅰ|002802.SZ|洪汇新材|-|11.96|-0.30|-2.45|-|242.64|2894.20|1.81|21.68|0.83|9.90|化学原料和化学制品制造业|2016-07-06|
|801030.SI|申万基础化工Ⅰ|002783.SZ|凯龙股份|-|7.86|-0.18|-2.24|-|1012.10|7927.30|4.99|39.25|3.07|24.16|化学原料和化学制品制造业|2015-12-24|
|801030.SI|申万基础化工Ⅰ|002768.SZ|国恩股份|-|60.94|-0.92|-1.49|-|622.48|37359.44|4.37|266.06|1.62|98.64|橡胶和塑料制品业|2015-07-07|
|801030.SI|申万基础化工Ⅰ|002758.SZ|浙农股份|-|8.83|-0.13|-1.45|-|968.87|8570.81|5.19|45.81|2.88|25.46|批发业|2025-12-03|
|801030.SI|申万基础化工Ⅰ|002753.SZ|永东股份|-|6.74|-0.16|-2.32|-|605.08|4093.75|4.29|28.89|2.48|16.74|化学原料和化学制品制造业|2015-05-26|
|801030.SI|申万基础化工Ⅰ|002749.SZ|国光股份|-|8.64|-0.27|-3.03|-|425.50|3715.64|5.56|48.08|2.17|18.72|化学原料和化学制品制造业|2015-03-27|
|801030.SI|申万基础化工Ⅰ|002748.SZ|世龙实业|-|12.03|-0.35|-2.83|-|446.58|5370.57|2.40|28.87|1.11|13.41|化学原料和化学制品制造业|2015-03-26|
|801030.SI|申万基础化工Ⅰ|002734.SZ|利民股份|-|16.01|-0.93|-5.49|-|2905.20|47084.39|4.72|75.51|3.58|57.34|化学原料和化学制品制造业|2015-02-03|
|801030.SI|申万基础化工Ⅰ|002683.SZ|广东宏大|-|29.06|-0.80|-2.68|-|824.09|23854.92|7.60|220.82|4.11|119.55|开采辅助活动|2012-06-19|
|801030.SI|申万基础化工Ⅰ|002669.SZ|康达新材|-|12.50|0.17|1.38|-|1551.85|19144.78|3.03|37.92|1.95|24.38|化学原料和化学制品制造业|2012-04-23|
|801030.SI|申万基础化工Ⅰ|002666.SZ|德联集团|-|4.14|-0.10|-2.36|-|1039.63|4302.54|7.88|32.62|3.82|15.83|化学原料和化学制品制造业|2012-04-06|
|801030.SI|申万基础化工Ⅰ|002648.SZ|卫星化学|-|27.22|-0.85|-3.03|-|4939.35|136159.39|33.69|916.95|16.60|451.85|化学原料和化学制品制造业|2012-01-06|
|801030.SI|申万基础化工Ⅰ|002637.SZ|赞宇科技|-|11.95|-0.84|-6.57|-|3134.20|37964.09|4.70|56.21|3.03|36.19|化学原料和化学制品制造业|2011-12-02|
|801030.SI|申万基础化工Ⅰ|002632.SZ|道明光学|-|9.59|0.19|2.02|-|4288.00|40310.06|6.25|59.90|2.60|24.96|化学原料和化学制品制造业|2011-11-29|
|801030.SI|申万基础化工Ⅰ|002601.SZ|龙佰集团|-|14.78|-0.67|-4.34|-|2390.57|35331.30|23.84|352.39|14.66|216.63|化学原料和化学制品制造业|2011-07-22|
|801030.SI|申万基础化工Ⅰ|002597.SZ|金禾实业|-|21.15|-1.00|-4.51|-|1060.70|22652.75|5.68|120.20|3.13|66.26|食品制造业|2021-12-13|
|801030.SI|申万基础化工Ⅰ|002591.SZ|恒大高新|-|6.44|-0.13|-1.98|-|2218.20|14277.20|3.00|19.33|1.85|11.93|化学原料和化学制品制造业|2022-08-01|
|801030.SI|申万基础化工Ⅰ|002588.SZ|史丹利|-|7.82|-0.31|-3.81|-|2383.48|18736.37|11.52|90.08|5.46|42.69|化学原料和化学制品制造业|2011-06-17|
|801030.SI|申万基础化工Ⅰ|002585.SZ|双星新材|-|9.96|0.91|10.06|-|10527.35|103971.10|11.41|113.68|6.74|67.17|橡胶和塑料制品业|2021-12-13|
|801030.SI|申万基础化工Ⅰ|002562.SZ|兄弟科技|-|4.87|-0.14|-2.79|-|2567.18|12483.45|11.43|55.66|6.95|33.87|医药制造业|2011-03-17|
|801030.SI|申万基础化工Ⅰ|002549.SZ|凯美特气|-|13.12|-0.35|-2.60|-|1483.06|19337.82|6.95|91.23|3.97|52.05|生态保护和环境治理业|2011-10-10|
|801030.SI|申万基础化工Ⅰ|002545.SZ|东方铁塔|-|16.84|-0.45|-2.60|-|1825.59|30804.42|12.44|209.50|4.93|83.10|化学原料和化学制品制造业|2022-08-01|
|801030.SI|申万基础化工Ⅰ|002539.SZ|云图控股|-|12.34|-0.83|-6.30|-|2251.99|28149.25|12.08|149.03|7.54|93.09|化学原料和化学制品制造业|2011-01-25|
|801030.SI|申万基础化工Ⅰ|002538.SZ|ST司特|-|6.72|-0.19|-2.75|-|1072.92|7208.22|8.54|57.36|5.58|37.49|化学原料和化学制品制造业|2011-01-25|
|801030.SI|申万基础化工Ⅰ|002522.SZ|浙江众成|-|5.16|0.03|0.58|-|2773.98|14191.79|9.06|46.74|6.79|35.02|橡胶和塑料制品业|2021-12-13|
|801030.SI|申万基础化工Ⅰ|002513.SZ|蓝丰生化|-|5.41|-0.19|-3.39|-|850.96|4597.21|3.76|20.32|2.37|12.80|电气机械和器材制造业|2010-12-10|
|801030.SI|申万基础化工Ⅰ|002497.SZ|雅化集团|-|16.80|-0.75|-4.27|-|2824.45|47381.96|11.53|193.63|9.80|164.58|有色金属冶炼和压延加工业|2024-07-31|
|801030.SI|申万基础化工Ⅰ|002496.SZ|辉丰股份|-|2.14|-0.07|-3.17|-|3416.59|7307.97|15.08|32.26|10.73|22.96|化学原料和化学制品制造业|2010-11-16|
|801030.SI|申万基础化工Ⅰ|002470.SZ|金正大|-|2.30|-0.21|-8.37|-|45398.77|107297.96|32.86|75.58|22.27|51.22|化学原料和化学制品制造业|2010-09-15|
|801030.SI|申万基础化工Ⅰ|002455.SZ|百川股份|-|7.10|-0.22|-3.01|-|3117.85|21977.79|7.22|51.29|6.36|45.17|化学原料和化学制品制造业|2010-08-10|
|801030.SI|申万基础化工Ⅰ|002453.SZ|华软科技|-|4.47|-0.08|-1.76|-|775.54|3456.13|8.12|36.31|4.57|20.44|化学原料和化学制品制造业|2010-07-27|
|801030.SI|申万基础化工Ⅰ|002442.SZ|龙星科技|-|5.26|-0.15|-2.77|-|1370.20|7186.94|5.03|26.48|2.97|15.65|化学原料和化学制品制造业|2010-07-13|
|801030.SI|申万基础化工Ⅰ|002440.SZ|闰土股份|-|11.54|-0.74|-6.03|-|4906.91|56205.29|11.24|129.71|6.30|72.71|化学原料和化学制品制造业|2010-07-13|
|801030.SI|申万基础化工Ⅰ|002430.SZ|杭氧股份|-|26.75|-0.40|-1.47|-|1718.28|45507.29|9.78|261.71|3.73|99.76|专用设备制造业|2024-07-31|
|801030.SI|申万基础化工Ⅰ|002427.SZ|尤夫股份|-|4.72|-0.09|-1.87|-|2105.39|9904.39|9.85|46.51|3.98|18.79|化学纤维制造业|2022-12-13|
|801030.SI|申万基础化工Ⅰ|002407.SZ|多氟多|-|31.87|-0.95|-2.89|-|7627.95|241103.19|11.90|379.39|10.20|325.10|化学原料和化学制品制造业|2010-05-25|
|801030.SI|申万基础化工Ⅰ|002395.SZ|双象股份|-|12.65|-0.23|-1.79|-|429.77|5395.51|2.68|33.93|0.95|12.04|橡胶和塑料制品业|2010-04-29|
|801030.SI|申万基础化工Ⅰ|002391.SZ|长青股份|-|5.31|-0.15|-2.75|-|717.26|3800.44|6.50|34.49|4.14|21.96|化学原料和化学制品制造业|2010-04-16|
|801030.SI|申万基础化工Ⅰ|002386.SZ|天原股份|-|5.95|0.03|0.51|-|1796.24|10642.31|13.02|77.45|8.58|51.03|化学原料和化学制品制造业|2010-04-09|
|801030.SI|申万基础化工Ⅰ|002381.SZ|双箭股份|-|5.46|-0.15|-2.67|-|505.59|2760.84|4.12|22.47|2.42|13.20|橡胶和塑料制品业|2010-04-12|
|801030.SI|申万基础化工Ⅰ|002361.SZ|神剑股份|-|10.21|-0.09|-0.87|-|6838.02|69104.50|9.51|97.10|7.35|75.07|化学原料和化学制品制造业|2010-03-10|
|801030.SI|申万基础化工Ⅰ|002360.SZ|ST同德|-|5.61|-0.09|-1.58|-|452.26|2532.95|4.02|22.54|3.09|17.31|化学原料和化学制品制造业|2010-03-10|
|801030.SI|申万基础化工Ⅰ|002326.SZ|永太科技|-|16.96|-0.37|-2.13|-|1778.19|29981.00|9.25|156.90|6.47|109.66|化学原料和化学制品制造业|2009-12-29|
|801030.SI|申万基础化工Ⅰ|002324.SZ|普利特|-|8.90|-0.26|-2.84|-|2809.99|24932.86|11.12|99.00|6.20|55.22|橡胶和塑料制品业|2009-12-18|
|801030.SI|申万基础化工Ⅰ|002319.SZ|乐通股份|-|10.08|-0.23|-2.23|-|756.37|7610.67|2.09|21.11|1.48|14.92|化学原料和化学制品制造业|2009-12-11|
|801030.SI|申万基础化工Ⅰ|002312.SZ|川发龙蟒|-|9.02|-0.38|-4.04|-|6488.24|58975.12|18.88|170.27|10.40|93.77|化学原料和化学制品制造业|2021-12-13|
|801030.SI|申万基础化工Ⅰ|002274.SZ|华昌化工|-|6.22|-0.20|-3.12|-|4506.03|28053.63|9.52|59.24|5.60|34.85|化学原料和化学制品制造业|2008-10-09|
|801030.SI|申万基础化工Ⅰ|002263.SZ|大东南|-|3.20|0.02|0.63|-|5085.55|16134.90|18.78|60.11|13.45|43.05|橡胶和塑料制品业|2016-02-19|
|801030.SI|申万基础化工Ⅰ|002258.SZ|利尔化学|-|15.15|0.18|1.20|-|3366.53|50310.15|8.00|121.27|4.73|71.64|化学原料和化学制品制造业|2008-07-15|
|801030.SI|申万基础化工Ⅰ|002254.SZ|泰和新材|-|12.15|-0.17|-1.38|-|1755.21|21170.00|8.52|103.46|5.37|65.27|化学纤维制造业|2008-07-02|
|801030.SI|申万基础化工Ⅰ|002250.SZ|联化科技|-|14.03|-0.45|-3.11|-|1458.43|20315.58|9.00|126.25|6.61|92.71|化学原料和化学制品制造业|2011-04-26|
|801030.SI|申万基础化工Ⅰ|002246.SZ|北化股份|-|22.33|-0.71|-3.08|-|1816.38|40533.89|5.49|122.60|2.88|64.32|化学原料和化学制品制造业|2008-06-05|
|801030.SI|申万基础化工Ⅰ|002226.SZ|江南化工|-|5.09|0.00|0.00|-|2605.15|13115.32|26.49|134.83|10.43|53.08|化学原料和化学制品制造业|2008-05-06|
|801030.SI|申万基础化工Ⅰ|002224.SZ|三力士|-|3.83|-0.14|-3.53|-|2801.47|10791.06|9.02|34.55|6.53|25.01|橡胶和塑料制品业|2008-04-25|
|801030.SI|申万基础化工Ⅰ|002211.SZ|ST宏达|-|3.83|-0.10|-2.54|-|599.83|2296.89|4.32|16.56|2.69|10.30|化学原料和化学制品制造业|2010-12-09|
|801030.SI|申万基础化工Ⅰ|002206.SZ|海利得|-|5.08|-0.14|-2.68|-|1793.87|9119.96|11.62|59.03|6.88|34.97|化学纤维制造业|2011-04-01|
|801030.SI|申万基础化工Ⅰ|002170.SZ|芭田股份|-|11.40|-0.33|-2.81|-|2777.15|31624.09|9.72|110.79|7.12|81.19|化学原料和化学制品制造业|2007-09-19|
|801030.SI|申万基础化工Ⅰ|002166.SZ|莱茵生物|-|6.85|-0.31|-4.33|-|2000.96|13801.54|7.42|50.80|4.41|30.20|医药制造业|2022-08-01|
|801030.SI|申万基础化工Ⅰ|002165.SZ|红宝丽|-|7.38|-0.23|-3.02|-|7884.39|57440.50|7.35|54.26|5.61|41.38|化学原料和化学制品制造业|2007-09-13|
|801030.SI|申万基础化工Ⅰ|002145.SZ|钛能化学|-|4.17|-0.10|-2.34|-|4710.99|19627.30|38.07|158.74|23.72|98.93|化学原料和化学制品制造业|2007-08-03|
|801030.SI|申万基础化工Ⅰ|002136.SZ|安纳达|-|11.96|-0.56|-4.47|-|644.55|7694.53|2.15|25.72|1.45|17.36|化学原料和化学制品制造业|2011-03-09|
|801030.SI|申万基础化工Ⅰ|002109.SZ|ST兴化|-|2.83|-0.07|-2.41|-|638.16|1818.68|12.76|36.12|5.08|14.39|化学原料和化学制品制造业|2007-01-26|
|801030.SI|申万基础化工Ⅰ|002108.SZ|沧州明珠|-|4.60|0.10|2.22|-|6782.81|30764.42|16.49|75.84|13.22|60.81|橡胶和塑料制品业|2007-01-24|
|801030.SI|申万基础化工Ⅰ|002096.SZ|易普力|-|9.21|-0.35|-3.66|-|759.88|7024.78|12.40|114.24|4.00|36.88|化学原料和化学制品制造业|2006-12-22|
|801030.SI|申万基础化工Ⅰ|002092.SZ|中泰化学|-|4.68|-0.17|-3.51|-|6030.58|28445.25|25.76|120.54|17.44|81.60|化学原料和化学制品制造业|2006-12-08|
|801030.SI|申万基础化工Ⅰ|002068.SZ|黑猫股份|-|9.68|-0.62|-6.02|-|10744.30|103065.92|7.35|71.18|3.87|37.44|化学原料和化学制品制造业|2011-02-17|
|801030.SI|申万基础化工Ⅰ|002064.SZ|华峰化学|-|10.00|-0.60|-5.66|-|5290.53|53024.59|49.63|496.25|16.74|167.42|化学纤维制造业|2006-08-23|
|801030.SI|申万基础化工Ⅰ|002054.SZ|德美化工|-|7.05|-0.17|-2.35|-|1019.22|7161.75|4.82|33.99|3.44|24.26|化学原料和化学制品制造业|2006-07-25|
|801030.SI|申万基础化工Ⅰ|002037.SZ|保利联合|-|6.92|-0.21|-2.95|-|451.82|3133.82|4.84|33.48|2.41|16.66|化学原料和化学制品制造业|2004-09-08|
|801030.SI|申万基础化工Ⅰ|002001.SZ|新和成|-|26.51|-0.65|-2.39|-|2355.56|62212.60|30.73|814.76|14.77|391.43|医药制造业|2024-08-09|
|801030.SI|申万基础化工Ⅰ|001378.SZ|德冠新材|-|18.93|-0.55|-2.82|-|229.31|4330.44|1.73|32.81|0.84|15.97|橡胶和塑料制品业|2023-11-06|
|801030.SI|申万基础化工Ⅰ|001369.SZ|双欣材料|-|12.03|-0.20|-1.64|-|563.86|6773.11|11.47|137.98|2.07|24.96|化学原料和化学制品制造业|2026-01-08|
|801030.SI|申万基础化工Ⅰ|001359.SZ|平安电工|-|81.89|-1.05|-1.27|-|290.03|23385.06|2.41|197.48|0.60|49.37|非金属矿物制品业|2024-04-08|
|801030.SI|申万基础化工Ⅰ|001358.SZ|兴欣新材|-|22.81|-0.53|-2.27|-|116.98|2662.73|1.23|28.10|0.47|10.70|化学原料和化学制品制造业|2023-12-28|
|801030.SI|申万基础化工Ⅰ|001335.SZ|信凯科技|-|30.37|-1.13|-3.59|-|67.02|2043.96|0.94|28.47|0.26|7.76|批发业|2025-04-22|
|801030.SI|申万基础化工Ⅰ|001333.SZ|光华股份|-|18.94|-0.65|-3.32|-|94.60|1798.39|1.28|24.24|0.44|8.33|化学原料和化学制品制造业|2022-12-15|
|801030.SI|申万基础化工Ⅰ|001325.SZ|元创股份|-|36.78|-1.54|-4.02|-|84.15|3139.96|0.78|28.84|0.20|7.21|橡胶和塑料制品业|2025-12-25|
|801030.SI|申万基础化工Ⅰ|001296.SZ|长江材料|-|19.22|-0.50|-2.54|-|367.86|7057.23|1.50|28.75|0.61|11.74|非金属矿物制品业|2021-12-31|
|801030.SI|申万基础化工Ⅰ|001255.SZ|博菲电气|-|26.12|-0.89|-3.30|-|141.35|3703.78|0.87|22.73|0.35|9.19|化学原料和化学制品制造业|2022-10-14|
|801030.SI|申万基础化工Ⅰ|001231.SZ|农心科技|-|20.51|-0.54|-2.57|-|294.16|6020.61|1.00|20.44|0.33|6.84|化学原料和化学制品制造业|2022-08-26|
|801030.SI|申万基础化工Ⅰ|001218.SZ|丽臣实业|-|22.70|-0.66|-2.83|-|135.38|3081.62|1.34|30.48|0.78|17.80|化学原料和化学制品制造业|2021-10-22|
|801030.SI|申万基础化工Ⅰ|001217.SZ|华尔泰|-|10.22|-0.24|-2.29|-|363.00|3706.87|3.32|33.92|1.19|12.19|化学原料和化学制品制造业|2021-10-13|
|801030.SI|申万基础化工Ⅰ|001207.SZ|联科科技|-|17.00|-0.25|-1.45|-|306.60|5204.40|3.03|51.53|1.52|25.89|化学原料和化学制品制造业|2021-06-30|
|801030.SI|申万基础化工Ⅰ|000990.SZ|诚志股份|-|6.47|-0.22|-3.29|-|4227.18|27360.55|17.01|110.08|8.96|58.00|化学原料和化学制品制造业|2017-07-03|
|801030.SI|申万基础化工Ⅰ|000973.SZ|佛塑科技|-|11.70|-0.13|-1.10|-|2349.13|27342.46|24.58|287.61|7.53|88.10|橡胶和塑料制品业|2000-05-25|
|801030.SI|申万基础化工Ⅰ|000949.SZ|新乡化纤|-|6.33|-0.51|-7.46|-|9159.90|58019.58|16.57|104.88|8.97|56.77|化学纤维制造业|2024-05-30|
|801030.SI|申万基础化工Ⅰ|000936.SZ|华西股份|-|5.44|-0.12|-2.16|-|1615.09|8765.48|8.86|48.20|5.39|29.29|化学纤维制造业|2007-07-02|
|801030.SI|申万基础化工Ⅰ|000920.SZ|沃顿科技|-|11.27|-0.26|-2.26|-|679.59|7620.57|4.73|53.26|2.21|24.87|化学原料和化学制品制造业|2022-08-01|
|801030.SI|申万基础化工Ⅰ|000912.SZ|泸天化|-|4.34|-0.34|-7.27|-|13733.56|60465.91|15.68|68.05|6.44|27.96|化学原料和化学制品制造业|1999-06-03|
|801030.SI|申万基础化工Ⅰ|000902.SZ|新洋丰|-|14.18|-0.22|-1.53|-|1408.89|19906.26|12.55|177.92|5.36|75.98|化学原料和化学制品制造业|2015-06-04|
|801030.SI|申万基础化工Ⅰ|000893.SZ|亚钾国际|-|41.80|-1.42|-3.29|-|1891.66|78774.70|9.24|386.25|4.91|205.23|化学原料和化学制品制造业|2019-07-08|
|801030.SI|申万基础化工Ⅰ|000881.SZ|中广核技|-|6.63|-0.07|-1.04|-|671.47|4448.27|9.45|62.68|5.28|34.99|化学原料和化学制品制造业|2019-07-08|
|801030.SI|申万基础化工Ⅰ|000859.SZ|国风新材|-|8.86|0.24|2.78|-|3850.51|33649.10|8.96|79.38|6.00|53.13|橡胶和塑料制品业|1998-11-19|
|801030.SI|申万基础化工Ⅰ|000830.SZ|鲁西化工|-|12.02|-0.55|-4.38|-|3926.31|47394.47|19.04|228.90|9.68|116.32|化学原料和化学制品制造业|2011-03-14|
|801030.SI|申万基础化工Ⅰ|000822.SZ|山东海化|-|4.44|-0.12|-2.63|-|1427.75|6336.20|8.95|39.74|5.31|23.57|化学原料和化学制品制造业|1998-07-03|
|801030.SI|申万基础化工Ⅰ|000818.SZ|航锦科技|-|11.80|-0.27|-2.24|-|1526.63|17916.69|6.60|77.88|4.80|56.63|化学原料和化学制品制造业|1997-10-17|
|801030.SI|申万基础化工Ⅰ|000792.SZ|盐湖股份|-|25.45|-0.92|-3.49|-|6165.36|156374.74|52.92|1346.71|25.24|642.27|化学原料和化学制品制造业|2021-08-11|
|801030.SI|申万基础化工Ⅰ|000782.SZ|恒申新材|-|7.68|-0.14|-1.79|-|1539.63|11715.50|6.87|52.73|4.63|35.54|化学纤维制造业|1997-06-19|
|801030.SI|申万基础化工Ⅰ|000731.SZ|四川美丰|-|7.44|-0.30|-3.88|-|2182.10|16295.12|5.49|40.83|4.50|33.51|化学原料和化学制品制造业|1997-06-17|
|801030.SI|申万基础化工Ⅰ|000707.SZ|双环科技|-|4.51|-0.14|-3.01|-|1054.92|4754.44|5.85|26.37|4.22|19.05|化学原料和化学制品制造业|1997-04-15|
|801030.SI|申万基础化工Ⅰ|000691.SZ|亚太实业|-|10.00|-0.04|-0.40|-|752.72|7475.51|4.85|48.49|2.70|27.02|化学原料和化学制品制造业|2026-01-06|
|801030.SI|申万基础化工Ⅰ|000683.SZ|博源化工|-|5.91|-0.22|-3.59|-|8990.48|53337.19|37.17|219.66|22.21|131.27|化学原料和化学制品制造业|2015-07-01|
|801030.SI|申万基础化工Ⅰ|000677.SZ|ST海龙|-|1.85|-0.04|-2.12|-|3313.26|6114.94|8.64|15.98|6.23|11.52|纺织业|1996-12-26|
|801030.SI|申万基础化工Ⅰ|000635.SZ|英力特|-|7.28|-0.32|-4.21|-|1813.19|13258.33|3.94|28.69|2.00|14.55|化学原料和化学制品制造业|2007-07-02|
|801030.SI|申万基础化工Ⅰ|000565.SZ|渝三峡A|-|7.13|-0.78|-9.86|-|6918.61|50302.02|4.34|30.92|2.58|18.38|化学原料和化学制品制造业|1994-04-08|
|801030.SI|申万基础化工Ⅰ|000553.SZ|安道麦A|-|5.77|-0.18|-3.03|-|1046.75|6050.54|23.30|134.43|2.84|16.36|化学原料和化学制品制造业|1993-12-03|
|801030.SI|申万基础化工Ⅰ|000545.SZ|金浦钛业|-|2.18|-0.08|-3.54|-|5171.67|11234.07|9.87|21.51|8.13|17.72|化学原料和化学制品制造业|2014-07-02|
|801030.SI|申万基础化工Ⅰ|000525.SZ|红太阳|-|4.71|-0.12|-2.48|-|2664.08|12574.04|13.03|61.37|8.54|40.24|化学原料和化学制品制造业|2024-11-19|
|801030.SI|申万基础化工Ⅰ|000510.SZ|新金路|-|16.19|-0.37|-2.23|-|5259.50|83147.28|6.49|105.00|5.33|86.28|化学原料和化学制品制造业|1993-05-07|
|801030.SI|申万基础化工Ⅰ|000422.SZ|湖北宜化|-|12.18|-0.52|-4.09|-|3352.18|41010.56|10.88|132.47|6.91|84.18|化学原料和化学制品制造业|1996-08-15|
|801030.SI|申万基础化工Ⅰ|000420.SZ|吉林化纤|-|3.55|-0.10|-2.74|-|5640.41|19967.31|24.59|87.29|18.62|66.09|化学纤维制造业|1996-08-02|
|801030.SI|申万基础化工Ⅰ|000408.SZ|藏格矿业|-|72.65|-4.22|-5.49|-|2007.01|145353.13|15.69|1139.82|6.78|492.87|化学原料和化学制品制造业|2026-07-02|",2026-09-13T08:56:53.138222+08:00
