指数成份代码,指数成份简称,Wind代码,证券简称,日期
001314.SZ,亿道信息,801080.SI,电子(申万),2026-09-13
688721.SH,龙图光罩,801080.SI,电子(申万),2026-09-13
603936.SH,博敏电子,801080.SI,电子(申万),2026-09-13
000020.SZ,深华发A,801080.SI,电子(申万),2026-09-13
300672.SZ,国科微,801080.SI,电子(申万),2026-09-13
300655.SZ,晶瑞电材,801080.SI,电子(申万),2026-09-13
301275.SZ,汉朔科技,801080.SI,电子(申万),2026-09-13
002134.SZ,天津普林,801080.SI,电子(申万),2026-09-13
000050.SZ,深天马A,801080.SI,电子(申万),2026-09-13
600707.SH,彩虹股份,801080.SI,电子(申万),2026-09-13
002273.SZ,水晶光电,801080.SI,电子(申万),2026-09-13
301626.SZ,苏州天脉,801080.SI,电子(申万),2026-09-13
000636.SZ,风华高科,801080.SI,电子(申万),2026-09-13
300076.SZ,*ST宁视,801080.SI,电子(申万),2026-09-13
605358.SH,立昂微,801080.SI,电子(申万),2026-09-13
300054.SZ,鼎龙股份,801080.SI,电子(申万),2026-09-13
000727.SZ,冠捷科技,801080.SI,电子(申万),2026-09-13
002635.SZ,安洁科技,801080.SI,电子(申万),2026-09-13
600552.SH,凯盛科技,801080.SI,电子(申万),2026-09-13
300604.SZ,长川科技,801080.SI,电子(申万),2026-09-13
000823.SZ,超声电子,801080.SI,电子(申万),2026-09-13
300576.SZ,容大感光,801080.SI,电子(申万),2026-09-13
600171.SH,上海贝岭,801080.SI,电子(申万),2026-09-13
600183.SH,生益科技,801080.SI,电子(申万),2026-09-13
688797.SH,臻宝科技,801080.SI,电子(申万),2026-09-13
002885.SZ,京泉华,801080.SI,电子(申万),2026-09-13
300373.SZ,扬杰科技,801080.SI,电子(申万),2026-09-13
000536.SZ,华映科技,801080.SI,电子(申万),2026-09-13
600237.SH,铜峰电子,801080.SI,电子(申万),2026-09-13
002388.SZ,新亚制程,801080.SI,电子(申万),2026-09-13
603078.SH,江化微,801080.SI,电子(申万),2026-09-13
600330.SH,天通股份,801080.SI,电子(申万),2026-09-13
000725.SZ,京东方A,801080.SI,电子(申万),2026-09-13
600360.SH,华微电子,801080.SI,电子(申万),2026-09-13
600363.SH,联创光电,801080.SI,电子(申万),2026-09-13
002130.SZ,沃尔核材,801080.SI,电子(申万),2026-09-13
301563.SZ,云汉芯城,801080.SI,电子(申万),2026-09-13
600563.SH,法拉电子,801080.SI,电子(申万),2026-09-13
600460.SH,士兰微,801080.SI,电子(申万),2026-09-13
600584.SH,长电科技,801080.SI,电子(申万),2026-09-13
002156.SZ,通富微电,801080.SI,电子(申万),2026-09-13
301308.SZ,江波龙,801080.SI,电子(申万),2026-09-13
002045.SZ,国光电器,801080.SI,电子(申万),2026-09-13
002049.SZ,紫光国微,801080.SI,电子(申万),2026-09-13
603002.SH,宏昌电子,801080.SI,电子(申万),2026-09-13
603991.SH,领先股份,801080.SI,电子(申万),2026-09-13
002138.SZ,顺络电子,801080.SI,电子(申万),2026-09-13
002106.SZ,莱宝高科,801080.SI,电子(申万),2026-09-13
002119.SZ,康强电子,801080.SI,电子(申万),2026-09-13
688378.SH,奥来德,801080.SI,电子(申万),2026-09-13
002584.SZ,西陇科学,801080.SI,电子(申万),2026-09-13
301106.SZ,骏成科技,801080.SI,电子(申万),2026-09-13
002055.SZ,ST得润,801080.SI,电子(申万),2026-09-13
688729.SH,屹唐股份,801080.SI,电子(申万),2026-09-13
002185.SZ,华天科技,801080.SI,电子(申万),2026-09-13
002654.SZ,万润科技,801080.SI,电子(申万),2026-09-13
301491.SZ,汉桑科技,801080.SI,电子(申万),2026-09-13
002199.SZ,东晶电子,801080.SI,电子(申万),2026-09-13
002741.SZ,光华科技,801080.SI,电子(申万),2026-09-13
002222.SZ,福晶科技,801080.SI,电子(申万),2026-09-13
002241.SZ,歌尔股份,801080.SI,电子(申万),2026-09-13
001287.SZ,中电港,801080.SI,电子(申万),2026-09-13
002384.SZ,东山精密,801080.SI,电子(申万),2026-09-13
002643.SZ,万润股份,801080.SI,电子(申万),2026-09-13
002436.SZ,兴森科技,801080.SI,电子(申万),2026-09-13
300706.SZ,阿石创,801080.SI,电子(申万),2026-09-13
002139.SZ,拓邦股份,801080.SI,电子(申万),2026-09-13
002161.SZ,远望谷,801080.SI,电子(申万),2026-09-13
300088.SZ,长信科技,801080.SI,电子(申万),2026-09-13
600703.SH,三安光电,801080.SI,电子(申万),2026-09-13
301611.SZ,珂玛科技,801080.SI,电子(申万),2026-09-13
002289.SZ,宇顺电子,801080.SI,电子(申万),2026-09-13
300456.SZ,赛微电子,801080.SI,电子(申万),2026-09-13
301629.SZ,矽电股份,801080.SI,电子(申万),2026-09-13
300046.SZ,台基股份,801080.SI,电子(申万),2026-09-13
300032.SZ,金龙机电,801080.SI,电子(申万),2026-09-13
300269.SZ,联建光电,801080.SI,电子(申万),2026-09-13
002351.SZ,漫步者,801080.SI,电子(申万),2026-09-13
002369.SZ,卓翼科技,801080.SI,电子(申万),2026-09-13
002371.SZ,北方华创,801080.SI,电子(申万),2026-09-13
002681.SZ,奋达科技,801080.SI,电子(申万),2026-09-13
300077.SZ,国民技术,801080.SI,电子(申万),2026-09-13
002402.SZ,和而泰,801080.SI,电子(申万),2026-09-13
300537.SZ,广信材料,801080.SI,电子(申万),2026-09-13
002449.SZ,国星光电,801080.SI,电子(申万),2026-09-13
002456.SZ,欧菲光,801080.SI,电子(申万),2026-09-13
300102.SZ,乾照光电,801080.SI,电子(申万),2026-09-13
002463.SZ,沪电股份,801080.SI,电子(申万),2026-09-13
600071.SH,凤凰光学,801080.SI,电子(申万),2026-09-13
300115.SZ,长盈精密,801080.SI,电子(申万),2026-09-13
002475.SZ,立讯精密,801080.SI,电子(申万),2026-09-13
002484.SZ,江海股份,801080.SI,电子(申万),2026-09-13
300131.SZ,英唐智控,801080.SI,电子(申万),2026-09-13
300481.SZ,濮阳惠成,801080.SI,电子(申万),2026-09-13
002782.SZ,可立克,801080.SI,电子(申万),2026-09-13
002841.SZ,视源股份,801080.SI,电子(申万),2026-09-13
300493.SZ,润欣科技,801080.SI,电子(申万),2026-09-13
300162.SZ,雷曼光电,801080.SI,电子(申万),2026-09-13
600877.SH,电科芯片,801080.SI,电子(申万),2026-09-13
300184.SZ,力源信息,801080.SI,电子(申万),2026-09-13
